county,estabs_20175221,emplvl_20175221,estabs_20175222,emplvl_20175222,estabs_20175223,emplvl_20175223
01000,2018,32013,1900,8205,186,926
01001,22,137,21,0,1,0
01003,107,787,78,212,12,63
01005,15,105,15,30,,
01007,8,49,5,13,,
01009,14,140,10,30,,
01011,2,0,1,0,,
01013,10,64,15,0,1,0
01015,55,512,62,163,3,7
01017,7,81,12,30,,
01019,8,57,11,29,,
01021,15,114,20,59,,
01023,7,0,3,0,,
01025,19,190,25,54,,
01027,4,0,2,0,,
01029,4,0,2,0,,
01031,18,155,27,0,1,0
01033,26,508,28,0,1,0
01035,3,31,3,0,,
01037,2,0,1,0,,
01039,19,219,20,0,1,0
01041,5,77,2,0,2,0
01043,37,412,30,0,1,0
01045,18,155,17,0,1,0
01047,13,122,17,0,1,0
01049,30,278,19,0,1,0
01051,33,317,23,0,2,0
01053,21,278,25,52,,
01055,31,455,39,0,2,0
01057,6,58,5,29,,
01059,21,295,12,31,,
01061,8,0,2,0,,
01063,1,0,1,0,,
01065,3,54,,,,
01067,8,0,1,0,,
01069,54,597,57,0,2,0
01071,21,253,16,0,1,0
01073,298,9979,234,1457,36,262
01075,6,0,1,0,,
01077,41,517,38,122,,
01079,8,81,5,14,,
01081,54,597,51,0,3,0
01083,21,186,31,85,,
01085,4,0,,,,
01087,3,21,1,0,2,0
01089,138,1886,108,619,15,42
01091,12,134,12,35,,
01093,18,221,14,138,,
01095,41,424,52,0,2,0
01097,167,1560,155,986,10,40
01099,10,88,13,34,,
01101,101,1492,91,436,9,176
01103,45,677,56,327,4,12
01105,3,0,,,,
01107,10,0,1,0,,
01109,14,204,19,49,,
01111,12,105,6,18,,
01113,18,0,32,346,3,0
01115,25,281,26,0,1,0
01117,90,4151,61,344,10,28
01119,4,43,3,0,,
01121,24,282,40,0,2,0
01123,11,130,13,0,1,0
01125,86,1012,64,264,4,7
01127,27,225,28,0,2,0
01129,8,0,1,0,,
01131,3,0,,,,
01133,12,145,6,17,,
01999,35,156,117,398,49,174
02000,233,4280,69,404,28,95
02016,1,0,,,,
02020,91,2824,38,303,17,66
02050,3,0,,,,
02060,1,0,,,,
02068,1,0,,,,
02070,1,0,,,,
02090,35,441,5,22,,
02100,1,0,,,,
02110,18,120,4,16,,
02122,17,162,6,0,2,0
02130,10,0,1,0,,
02150,6,47,1,0,1,0
02170,22,295,11,40,3,6
02180,2,0,,,2,0
02185,1,0,,,,
02188,1,0,,,,
02195,2,0,,,,
02198,2,0,,,,
02220,5,45,,,,
02230,1,0,,,,
02240,3,15,,,,
02261,6,0,,,,
02275,2,0,,,,
02999,2,0,3,0,4,3
04000,1331,40719,850,20337,649,25434
04001,4,0,3,0,,
04003,17,222,5,12,5,24
04005,23,236,13,137,6,15
04007,7,65,1,0,2,0
04009,4,39,2,0,1,0
04011,2,0,,,,
04012,5,33,,,,
04013,896,32914,620,18454,483,24327
04015,38,548,10,172,15,55
04017,16,136,8,36,3,7
04019,166,3381,73,1094,45,798
04021,39,536,9,32,11,18
04023,8,96,5,0,2,0
04025,50,410,16,57,12,28
04027,28,538,10,51,7,26
04999,29,1514,76,252,57,0
05000,1388,16165,391,1774,135,1111
05001,7,185,5,13,,
05003,11,118,1,0,1,0
05005,19,247,4,32,,
05007,103,1393,19,118,11,247
05009,16,171,3,0,1,0
05011,9,90,,,,
05013,2,0,,,,
05015,16,0,1,0,,
05017,6,76,3,0,0,0
05019,13,0,2,0,,
05021,6,0,1,0,,
05023,19,0,2,0,,
05025,2,0,,,,
05027,15,0,2,0,,
05029,8,76,4,11,,
05031,42,502,19,0,1,0
05033,27,263,6,0,2,0
05035,14,133,6,0,2,0
05037,11,0,1,0,,
05039,5,52,,,,
05041,4,92,,,,
05043,12,115,1,0,1,0
05045,53,574,9,0,2,0
05047,7,35,4,4,,
05049,4,53,,,,
05051,59,430,14,57,4,31
05053,5,48,1,0,0,0
05055,12,312,3,20,,
05057,11,110,5,0,1,0
05059,13,104,4,14,,
05061,9,0,1,0,,
05063,18,332,4,0,1,0
05065,7,0,1,0,,
05067,6,0,1,0,,
05069,22,555,6,0,3,0
05071,12,88,1,0,1,0
05073,5,32,,,,
05075,8,63,,,,
05077,3,0,,,,
05079,4,0,2,0,,
05081,7,35,,,,
05083,13,116,3,0,1,0
05085,30,334,6,20,3,4
05087,6,0,1,0,,
05089,12,114,,,,
05091,15,131,11,38,,
05093,15,190,3,0,1,0
05095,6,0,1,0,,
05097,3,0,,,,
05099,2,0,,,,
05101,2,0,,,,
05103,14,141,3,7,,
05105,2,0,,,,
05107,7,0,2,0,,
05109,8,99,3,13,,
05111,8,74,,,,
05113,11,113,4,18,,
05115,31,287,9,54,,
05117,4,28,1,0,,
05119,210,2592,64,589,38,577
05121,5,0,1,0,,
05123,11,0,,,1,0
05125,31,264,6,0,1,0
05127,4,0,2,0,,
05129,4,0,,,,
05131,70,951,15,43,5,8
05133,8,0,1,0,,
05135,12,0,2,0,,
05137,8,106,,,,
05139,21,328,3,10,,
05141,10,0,1,0,,
05143,91,1198,22,157,11,109
05145,39,448,8,18,,
05147,3,0,,,,
05149,10,0,1,0,,
05999,32,160,84,122,44,89
06000,8883,136423,4396,66070,3944,42009
06001,353,4759,111,1074,133,1363
06005,15,91,3,0,3,0
06007,55,529,23,195,12,40
06009,12,0,2,0,,
06011,7,0,2,0,,
06013,295,5190,133,2547,111,2775
06015,5,39,2,0,0,0
06017,48,478,14,48,18,58
06019,191,2640,85,602,73,264
06021,9,0,2,0,,
06023,40,453,12,78,13,151
06025,27,390,12,93,12,87
06027,9,56,,,,
06029,132,1705,59,363,47,179
06031,20,234,8,41,8,28
06033,15,123,2,0,4,0
06035,8,56,2,0,2,0
06037,2124,39562,1115,12196,1131,8367
06039,23,185,8,27,13,61
06041,109,799,26,344,35,336
06043,2,0,,,,
06045,26,336,5,0,2,0
06047,38,543,20,268,15,32
06049,2,0,1,0,,
06051,3,0,1,0,,
06053,95,1030,21,124,21,95
06055,52,419,14,43,6,15
06057,25,194,9,28,11,30
06059,845,17717,691,17839,569,7864
06061,145,1849,68,767,58,1130
06063,7,42,1,0,1,0
06065,380,4461,195,1422,122,498
06067,308,3673,126,1822,141,1149
06069,10,78,4,15,5,23
06071,316,4150,178,2353,120,1464
06073,808,10043,429,6402,375,3255
06075,335,7172,123,4717,102,4068
06077,128,1570,45,257,46,206
06079,101,1028,34,254,20,51
06081,210,2385,67,3061,80,568
06083,121,1213,38,260,25,137
06085,468,6517,130,1115,163,4414
06087,55,726,20,112,18,57
06089,50,582,16,86,17,81
06091,1,0,,,,
06093,19,114,2,0,2,0
06095,97,1586,34,176,23,167
06097,151,1595,54,686,51,357
06099,106,1330,59,371,43,155
06101,23,356,11,84,8,29
06103,16,121,6,0,3,0
06105,5,25,,,,
06107,73,841,38,316,18,42
06109,18,101,2,0,3,0
06111,222,3602,110,3332,92,638
06113,43,461,13,89,8,18
06115,8,50,1,0,8,17
06999,81,3014,213,2340,157,1678
08000,1766,25322,836,12269,778,10021
08001,102,1153,43,247,46,1091
08003,9,151,4,12,3,7
08005,200,3032,182,5479,143,2185
08007,6,0,1,0,,
08009,4,35,,,,
08011,2,0,,,,
08013,129,1445,46,408,52,227
08014,26,309,14,0,11,0
08015,10,0,1,0,,
08017,4,0,,,,
08019,4,0,2,0,,
08021,2,0,,,,
08025,2,0,,,,
08027,2,0,,,,
08029,14,132,1,0,2,0
08031,221,5323,157,1669,158,1426
08033,1,0,,,,
08035,92,1125,60,568,88,2686
08037,31,275,8,8,13,36
08039,4,0,1,0,,
08041,177,2701,84,1510,63,163
08043,16,119,3,0,2,0
08045,24,254,6,15,5,13
08047,,,1,0,,
08049,7,68,,,,
08051,7,98,3,0,3,0
08053,1,0,,,,
08055,2,0,,,,
08057,1,0,,,,
08059,173,2077,87,1081,86,770
08061,1,0,,,,
08063,8,0,1,0,,
08065,2,0,,,,
08067,16,304,7,0,7,0
08069,106,1418,34,506,37,154
08071,4,0,1,0,,
08073,3,0,1,0,,
08075,8,104,2,0,1,0
08077,46,864,20,151,13,88
08079,1,0,,,,
08081,4,31,,,,
08083,8,127,2,0,2,0
08085,15,164,4,25,,
08087,11,152,3,10,,
08089,9,139,1,0,1,0
08091,4,0,,,,
08093,1,0,,,1,0
08095,5,32,,,,
08097,15,134,1,0,1,0
08099,10,0,2,0,,
08101,57,625,14,97,10,19
08103,4,35,,,,
08105,7,77,1,0,1,0
08107,12,159,3,0,3,0
08109,4,0,,,,
08111,1,0,,,,
08113,7,45,,,,
08115,3,0,,,,
08117,19,143,6,0,4,0
08119,6,73,1,0,2,0
08121,7,30,,,,
08123,77,845,17,192,14,20
08125,8,0,1,0,,
08999,7,504,14,46,7,62
09000,1466,17855,401,4622,321,1856
09001,419,5758,130,2777,108,325
09003,384,5675,113,962,68,498
09005,78,682,7,12,8,46
09007,67,655,10,50,11,13
09009,301,3235,61,389,60,738
09011,115,1059,16,61,12,23
09013,41,273,9,32,5,6
09015,45,302,5,0,6,0
09999,19,217,51,0,44,0
10000,344,9477,235,16145,131,1900
10001,47,0,27,384,8,0
10003,207,7994,162,15161,100,1595
10005,84,1045,36,0,18,0
10999,7,0,11,0,5,0
11000,283,3520,51,3166,66,523
11001,283,3520,51,3166,66,523
12000,6280,98956,3139,41390,1860,23779
12001,85,1070,29,171,12,38
12003,6,0,2,0,,
12005,71,814,24,232,5,27
12007,5,65,4,25,,
12009,156,1461,56,244,23,119
12011,514,6406,357,5455,240,2525
12013,3,0,2,0,,
12015,60,529,6,10,10,27
12017,47,328,9,0,2,0
12019,43,558,20,100,8,14
12021,159,1565,40,281,26,94
12023,17,308,7,0,2,0
12027,7,80,3,23,,
12029,3,0,1,0,,
12031,292,13146,173,7544,91,1473
12033,109,6928,46,364,16,83
12035,26,222,5,15,8,24
12037,4,0,,,,
12039,6,58,2,0,1,0
12041,5,0,1,0,,
12043,1,0,1,0,,
12045,6,0,,,0,0
12047,1,0,,,1,0
12049,6,0,1,0,,
12051,10,129,,,,
12053,41,328,12,59,6,17
12055,30,273,5,0,2,0
12057,408,10376,229,6115,163,6654
12059,4,0,1,0,,
12061,60,552,17,79,5,9
12063,16,194,6,0,0,0
12065,3,0,1,0,,
12067,3,32,,,,
12069,97,900,22,191,8,14
12071,238,2014,63,249,60,164
12073,122,1434,31,347,20,337
12075,14,129,2,0,1,0
12077,1,0,,,,
12079,5,50,,,,
12081,133,969,43,238,15,24
12083,94,852,31,307,9,24
12085,56,744,18,57,11,12
12086,704,14119,514,4981,289,2634
12087,44,468,13,31,8,10
12089,22,278,8,0,3,0
12091,80,1129,37,257,11,103
12093,10,84,2,0,,
12095,358,7193,201,2555,129,2441
12097,64,535,26,116,14,34
12099,510,5622,240,1841,170,926
12101,114,953,42,208,21,41
12103,343,3272,152,1657,107,4034
12105,146,2017,60,290,15,93
12107,16,169,4,0,2,0
12109,80,706,32,171,11,159
12111,69,722,20,81,14,53
12113,48,316,13,47,5,13
12115,179,1416,61,346,43,135
12117,138,2262,64,2959,41,365
12119,46,349,5,0,3,0
12121,8,82,4,18,,
12123,4,0,1,0,,
12125,3,0,1,0,,
12127,163,1305,64,711,15,52
12129,6,47,1,0,1,0
12131,27,192,12,18,5,12
12133,8,0,2,0,,
12999,131,2551,293,2712,211,912
13000,2662,42670,2392,17896,713,13799
13001,6,72,5,0,1,0
13003,2,0,,,,
13005,2,0,6,0,,
13007,1,0,,,,
13009,9,177,14,62,,
13011,3,0,1,0,,
13013,14,108,11,39,,
13015,23,344,24,0,3,0
13017,4,73,7,21,,
13019,5,0,4,0,,
13021,61,765,43,0,7,0
13023,2,0,3,0,,
13025,2,0,2,0,,
13027,5,54,4,11,,
13029,7,69,3,0,,
13031,17,211,22,131,,
13033,4,83,7,23,,
13035,3,39,9,22,,
13037,2,0,,,,
13039,14,336,11,40,3,5
13043,4,0,1,0,,
13045,29,266,29,78,3,19
13047,11,159,9,0,1,0
13049,3,23,4,9,,
13051,104,993,133,515,16,220
13053,3,0,,,,
13055,4,42,7,15,,
13057,59,537,40,179,18,73
13059,34,245,23,72,4,10
13061,1,0,,,,
13063,37,623,45,319,11,37
13065,1,0,1,0,,
13067,196,2317,165,2222,91,2643
13069,14,145,14,0,1,0
13071,11,221,15,0,1,0
13073,31,328,13,0,4,0
13075,5,57,3,10,,
13077,37,332,21,0,2,0
13079,1,0,1,0,,
13081,5,64,11,70,,
13083,2,0,3,0,,
13085,8,92,5,21,,
13087,8,111,12,131,,
13089,156,1764,98,650,64,502
13091,5,104,5,12,,
13093,3,0,1,0,,
13095,30,401,30,0,1,0
13097,32,293,22,583,5,31
13099,3,96,4,8,,
13103,8,55,7,24,3,7
13105,8,133,8,22,,
13107,5,119,8,24,,
13109,1,0,1,0,,
13111,11,89,7,0,2,0
13113,34,381,13,37,12,24
13115,29,375,18,0,1,0
13117,54,528,36,145,18,53
13119,9,60,6,22,,
13121,365,13643,305,5351,171,3990
13123,8,83,5,12,,
13127,39,314,17,58,9,19
13129,10,140,15,41,,
13131,6,78,7,18,,
13133,9,115,4,0,2,0
13135,203,2807,141,1318,99,637
13137,13,167,14,0,1,0
13139,53,666,45,869,15,21
13141,2,0,,,,
13143,8,106,6,19,,
13145,3,0,2,0,,
13147,5,51,5,12,,
13149,2,0,2,0,,
13151,48,403,30,98,5,12
13153,35,507,24,0,2,0
13155,2,0,2,0,,
13157,16,200,11,0,1,0
13159,2,0,2,0,,
13161,3,45,5,0,1,0
13163,5,63,5,16,,
13165,1,0,4,0,,
13167,2,0,1,0,,
13169,4,0,1,0,,
13171,3,0,2,0,,
13173,1,0,1,0,,
13175,10,286,15,63,,
13177,11,64,7,32,,
13179,9,194,16,0,1,0
13181,1,0,1,0,,
13183,1,0,,,,
13185,39,534,29,0,1,0
13187,5,48,4,0,2,0
13189,6,48,7,19,,
13191,2,0,2,0,,
13193,3,18,4,12,,
13195,7,0,2,0,,
13197,,,1,0,1,0
13199,5,49,5,17,,
13201,2,0,3,0,,
13205,5,0,1,0,,
13207,5,132,3,8,,
13209,3,0,2,0,,
13211,4,84,7,0,1,0
13213,6,123,8,25,,
13215,64,830,57,0,14,0
13217,14,196,20,0,2,0
13219,15,146,9,0,2,0
13221,2,0,1,0,,
13223,23,186,15,0,2,0
13225,5,37,8,19,,
13227,7,122,9,0,2,0
13229,4,49,1,0,1,0
13231,4,49,1,0,1,0
13233,7,57,10,21,,
13235,3,0,3,0,,
13237,3,92,6,0,2,0
13239,,,1,0,,
13241,5,0,3,0,,
13243,2,0,3,0,,
13245,56,660,38,0,4,0
13247,25,0,19,302,1,0
13251,4,71,4,14,,
13253,4,61,1,0,1,0
13255,11,190,22,85,4,11
13257,12,121,6,21,,
13259,,,1,0,,
13261,7,105,11,38,,
13263,3,0,,,,
13267,5,0,2,0,,
13269,3,0,2,0,,
13271,6,0,1,0,,
13273,2,0,5,0,,
13275,15,270,19,68,,
13277,15,168,21,0,3,0
13279,6,154,16,56,,
13281,5,36,2,0,1,0
13283,2,0,1,0,,
13285,18,198,19,61,,
13287,4,0,2,0,,
13289,0,0,,,,
13291,6,75,4,0,1,0
13293,6,103,11,33,,
13295,8,127,8,20,,
13297,15,169,19,99,3,8
13299,12,202,13,31,,
13301,1,0,1,0,,
13303,5,124,6,16,,
13305,7,121,11,44,,
13307,1,0,,,,
13309,1,0,,,,
13311,5,75,5,33,,
13313,20,290,26,83,,
13315,4,0,1,0,,
13317,3,0,4,0,,
13319,2,0,,,,
13321,4,28,4,41,,
13999,58,925,181,848,87,317
15000,430,5953,184,908,104,356
15001,67,690,20,60,16,53
15003,276,4481,124,731,71,260
15007,30,0,10,0,4,0
15009,54,506,30,0,14,0
15999,3,0,1,0,,
16000,711,9348,326,2030,182,681
16001,194,3310,104,906,56,248
16003,2,0,1,0,,
16005,43,447,17,134,7,25
16007,3,18,3,0,1,0
16009,5,0,,,1,0
16011,15,106,7,0,2,0
16013,15,106,3,0,5,0
16015,1,0,,,,
16017,14,121,7,0,1,0
16019,54,703,20,104,12,62
16021,3,0,,,,
16023,1,0,1,0,,
16025,1,0,,,1,0
16027,63,575,27,225,17,106
16029,3,0,1,0,1,0
16031,14,183,4,0,2,0
16035,4,0,1,0,,
16037,4,16,,,,
16039,9,114,2,0,2,0
16041,5,32,2,0,2,0
16043,6,29,,,,
16045,6,38,,,,
16047,7,0,,,1,0
16049,10,0,1,0,,
16051,9,84,,,,
16053,8,59,2,0,2,0
16055,61,1458,30,183,13,71
16057,16,0,2,0,,
16059,3,0,1,0,,
16061,3,0,,,,
16063,1,0,,,,
16065,13,169,5,0,1,0
16067,6,0,1,0,,
16069,15,385,6,50,5,18
16071,2,0,,,,
16073,2,0,2,0,,
16075,10,0,7,73,3,0
16077,5,20,3,12,,
16079,7,0,2,0,,
16081,5,0,1,0,,
16083,39,559,16,114,6,23
16085,5,0,2,0,,
16087,4,22,,,,
16999,16,64,45,81,42,50
17000,3763,84949,1347,24701,906,11308
17001,20,617,6,29,,
17003,1,0,,,,
17005,5,82,,,,
17007,12,0,1,0,,
17009,2,0,,,,
17011,13,175,4,12,,
17013,2,0,,,,
17015,12,151,,,,
17017,5,196,,,,
17019,64,1368,10,185,3,6
17021,13,0,1,0,,
17023,5,0,1,0,,
17025,6,112,,,,
17027,12,0,1,0,,
17029,24,339,3,0,1,0
17031,1354,40312,494,11477,492,6811
17033,8,141,,,,
17035,2,0,,,,
17037,40,558,4,0,2,0
17039,4,56,,,,
17041,6,0,,,1,0
17043,307,7762,146,3148,103,982
17045,7,292,,,,
17047,1,0,,,,
17049,17,0,0,0,,
17051,9,0,1,0,,
17053,7,119,,,,
17055,11,147,6,13,,
17057,14,0,1,0,,
17059,2,0,,,,
17061,4,160,,,,
17063,13,163,1,0,1,0
17065,5,29,,,,
17067,10,137,,,,
17069,4,0,,,,
17071,3,68,,,,
17073,12,0,2,0,,
17075,11,259,,,,
17077,18,0,4,0,,
17079,3,0,1,0,,
17081,15,243,3,0,1,0
17083,4,96,2,0,1,0
17085,9,137,,,,
17087,5,41,,,,
17089,142,2856,30,1612,16,644
17091,30,450,8,59,7,19
17093,32,354,5,0,1,0
17095,20,0,1,0,,
17097,189,3248,69,4466,45,1684
17099,45,987,6,0,1,0
17101,6,43,,,,
17103,10,159,,,,
17105,16,0,2,0,,
17107,12,187,,,,
17109,10,139,3,0,1,0
17111,71,1079,11,47,11,39
17113,57,830,12,0,1,0
17115,37,815,6,48,4,42
17117,13,417,,,,
17119,90,1682,32,239,8,35
17121,13,0,3,0,,
17123,8,60,,,,
17125,7,86,,,,
17127,4,0,1,0,2,0
17129,2,0,,,,
17131,6,0,1,0,,
17133,14,242,,,,
17135,13,321,,,,
17137,7,191,1,0,1,0
17139,5,127,,,,
17141,8,0,2,0,,
17143,68,949,21,445,4,15
17145,5,0,1,0,,
17147,5,0,,,1,0
17149,7,176,,,,
17151,2,0,,,,
17153,3,39,,,,
17155,2,0,,,,
17157,9,0,2,0,,
17159,4,0,2,0,,
17161,50,1000,9,0,7,0
17163,71,808,23,117,7,17
17165,10,233,0,0,1,0
17167,59,1970,16,78,9,151
17169,2,0,,,,
17171,2,0,,,,
17173,3,0,1,0,,
17175,2,0,,,,
17177,18,467,2,0,1,0
17179,37,596,5,25,,
17181,4,0,1,0,,
17183,26,238,4,0,1,0
17185,4,0,1,0,,
17187,10,0,1,0,,
17189,7,0,,,1,0
17191,3,0,1,0,,
17193,6,99,,,,
17195,20,462,6,0,1,0
17197,150,2127,38,211,25,179
17199,26,416,8,0,2,0
17201,80,1201,15,65,7,166
17203,16,0,1,0,,
17999,92,642,304,982,137,391
18000,2452,29263,793,9457,405,3823
18001,15,217,3,3,,
18003,143,1829,41,620,23,125
18005,35,430,9,62,4,10
18007,5,96,,,,
18009,7,0,1,0,,
18011,20,162,2,0,1,0
18013,4,29,,,,
18015,9,49,1,0,,
18017,17,178,5,12,,
18019,51,441,11,0,13,0
18021,10,93,,,,
18023,10,134,3,7,,
18025,4,0,,,,
18027,10,163,4,11,,
18029,22,218,3,0,2,0
18031,9,130,6,18,,
18033,21,211,3,0,1,0
18035,44,730,13,0,6,0
18037,24,322,5,20,,
18039,64,938,11,0,7,0
18041,11,107,5,0,1,0
18043,33,297,10,35,5,11
18045,10,0,,,1,0
18047,4,0,,,1,0
18049,11,136,3,11,,
18051,15,87,3,0,1,0
18053,27,278,11,0,3,0
18055,13,131,,,,
18057,131,1200,55,3680,35,860
18059,17,0,2,0,,
18061,13,174,6,0,3,0
18063,57,471,13,61,6,21
18065,16,171,5,15,,
18067,31,393,8,34,4,29
18069,23,230,4,6,,
18071,21,253,5,0,1,0
18073,14,157,2,0,1,0
18075,7,79,4,6,,
18077,15,119,3,0,2,0
18079,7,0,1,0,,
18081,57,472,30,161,10,34
18083,19,150,4,0,1,0
18085,38,298,5,26,4,13
18087,8,0,2,0,,
18089,193,2238,30,189,26,252
18091,34,543,10,0,3,0
18093,14,222,6,0,1,0
18095,38,305,12,0,5,0
18097,263,4284,137,1845,90,485
18099,18,171,6,0,2,0
18101,6,0,1,0,,
18103,14,192,3,0,1,0
18105,44,480,16,109,4,11
18107,19,127,7,0,1,0
18109,20,237,7,0,1,0
18111,6,94,,,,
18113,18,168,3,6,,
18115,2,0,,,1,0
18117,6,50,,,,
18119,3,0,1,0,,
18121,7,46,,,,
18123,8,0,1,0,,
18125,2,0,,,,
18127,62,582,18,145,7,19
18129,9,80,,,,
18131,8,90,,,,
18133,13,147,5,0,2,0
18135,12,0,,,1,0
18137,16,0,2,0,,
18139,5,0,3,0,,
18141,85,1346,26,157,13,46
18143,11,76,3,0,1,0
18145,13,98,5,0,1,0
18147,11,96,,,,
18149,6,0,1,0,,
18151,7,72,3,0,2,0
18153,7,0,1,0,,
18155,2,0,,,,
18157,60,680,17,0,4,0
18159,4,66,,,,
18161,2,0,,,,
18163,68,1046,22,90,14,100
18165,7,50,,,,
18167,44,898,12,0,1,0
18169,20,0,2,0,,
18171,2,0,1,0,,
18173,18,308,4,0,2,0
18175,7,84,1,0,1,0
18177,40,460,11,0,1,0
18179,12,95,5,20,,
18181,16,0,,,1,0
18183,16,107,6,14,,
18999,34,279,106,398,86,524
19000,1827,33718,335,7708,220,3619
19001,8,0,,,2,0
19003,4,24,,,,
19005,8,125,,,,
19007,7,74,1,0,1,0
19009,4,37,,,,
19011,17,120,,,,
19013,69,1093,21,399,13,59
19015,13,0,1,0,,
19017,17,0,2,0,,
19019,15,151,,,,
19021,15,184,1,0,1,0
19023,10,87,,,,
19025,10,74,,,,
19027,18,189,4,28,,
19029,12,0,,,1,0
19031,12,89,,,,
19033,25,376,5,0,2,0
19035,11,109,,,,
19037,11,95,,,,
19039,4,58,0,0,2,0
19041,13,144,3,5,,
19043,14,168,1,0,1,0
19045,34,407,6,0,1,0
19047,16,0,1,0,,
19049,52,0,12,0,10,96
19051,5,50,,,,
19053,4,27,,,,
19055,11,0,1,0,,
19057,26,321,4,13,3,7
19059,16,0,,,1,0
19061,65,1558,14,55,9,30
19063,9,92,,,,
19065,16,119,1,0,1,0
19067,9,153,,,,
19069,7,68,,,,
19071,6,33,,,,
19073,9,106,,,,
19075,10,144,,,,
19077,9,83,,,,
19079,9,0,1,0,,
19081,8,62,,,,
19083,16,0,,,1,0
19085,12,0,,,1,0
19087,13,0,1,0,,
19089,5,0,1,0,,
19091,7,61,,,,
19093,9,0,1,0,,
19095,8,62,,,,
19097,16,164,,,,
19099,15,154,2,0,1,0
19101,10,152,1,0,4,0
19103,53,1158,10,40,5,8
19105,14,0,,,1,0
19107,10,64,,,,
19109,17,137,,,,
19111,28,248,5,9,,
19113,110,1549,25,1106,17,41
19115,6,0,,,1,0
19117,4,51,,,,
19119,11,110,,,,
19121,8,88,3,5,,
19123,9,0,,,2,0
19125,14,191,3,0,1,0
19127,20,228,3,9,3,5
19129,6,68,1,0,2,0
19131,7,71,,,,
19133,11,70,,,,
19135,5,59,,,,
19137,8,0,2,0,,
19139,21,258,6,0,2,0
19141,15,0,1,0,,
19143,6,53,,,,
19145,11,114,3,3,,
19147,8,67,1,0,1,0
19149,17,0,1,0,,
19151,10,56,,,,
19153,206,6852,105,3158,87,3182
19155,47,452,17,61,6,16
19157,13,0,1,0,,
19159,5,0,,,,
19161,11,93,1,0,1,0
19163,84,1137,27,84,16,63
19165,15,0,1,0,,
19167,20,0,1,0,,
19169,48,474,9,37,4,18
19171,14,0,,,1,0
19173,5,26,,,,
19175,9,123,3,0,1,0
19177,10,57,,,,
19179,15,263,5,0,2,0
19181,16,187,3,0,3,0
19183,14,0,1,0,,
19185,3,0,,,,
19187,20,256,3,0,2,0
19189,8,124,,,,
19191,13,0,2,0,,
19193,60,737,10,50,6,25
19195,5,31,,,,
19197,12,0,,,1,0
20000,1422,21069,421,5277,194,1562
20001,9,0,,,1,0
20003,9,71,,,,
20005,7,0,1,0,,
20007,5,0,1,0,,
20009,16,229,3,0,1,0
20011,9,77,,,,
20013,6,0,1,0,,
20015,30,334,7,0,3,0
20017,2,0,,,,
20019,1,0,,,,
20021,8,0,1,0,,
20023,3,18,,,,
20025,1,0,,,,
20027,6,64,,,,
20029,10,0,1,0,,
20031,8,76,,,,
20033,2,0,,,,
20035,20,0,6,0,,
20037,24,247,5,20,,
20039,4,21,,,,
20041,13,132,,,,
20043,5,0,,,1,0
20045,54,535,11,0,4,0
20047,3,20,,,,
20049,1,0,,,,
20051,19,190,5,10,,
20053,8,96,,,,
20055,13,231,7,0,2,0
20057,14,152,8,0,2,0
20059,11,104,1,0,2,0
20061,19,151,7,0,2,0
20063,7,0,1,0,,
20067,3,0,,,,
20069,4,0,,,,
20071,1,0,1,0,,
20073,7,0,0,0,,
20075,2,0,,,,
20077,2,0,2,0,1,0
20079,20,229,2,0,1,0
20081,1,0,1,0,,
20083,2,0,,,,
20085,5,0,1,0,,
20087,6,39,,,,
20089,4,19,,,,
20091,266,6067,162,2812,99,1162
20093,2,0,,,,
20095,4,0,1,0,,
20097,2,0,,,,
20099,14,0,2,0,,
20101,2,0,,,,
20103,31,382,4,0,3,0
20105,4,39,,,,
20107,8,56,,,,
20109,3,0,,,,
20111,11,164,5,0,3,0
20113,24,259,1,0,1,0
20115,10,0,,,1,0
20117,10,0,1,0,,
20119,3,55,,,,
20121,13,0,2,0,,
20123,7,119,,,,
20125,20,191,4,0,1,0
20127,4,43,,,,
20129,1,0,,,,
20131,13,132,,,,
20133,15,0,1,0,,
20135,4,0,1,0,,
20137,4,0,2,0,,
20139,6,0,,,1,0
20141,5,44,,,,
20143,5,51,,,,
20145,4,0,1,0,,
20147,4,0,1,0,,
20149,13,197,4,0,1,0
20151,4,83,3,15,,
20153,2,0,,,,
20155,34,469,17,0,2,0
20157,5,0,1,0,,
20159,6,0,1,0,,
20161,29,610,8,16,3,6
20163,1,0,,,,
20165,4,27,,,,
20167,5,0,1,0,,
20169,26,318,9,30,4,11
20171,3,0,1,0,,
20173,178,2757,67,1281,21,157
20175,6,114,3,0,2,0
20177,92,1427,18,513,8,9
20179,3,22,,,,
20181,3,82,,,,
20183,2,0,,,,
20185,4,45,,,,
20187,1,0,,,,
20189,1,0,,,,
20191,11,0,1,0,,
20193,6,44,1,0,1,0
20195,2,0,,,,
20197,4,0,,,1,0
20199,1,0,,,,
20201,6,45,,,,
20203,2,0,,,,
20205,6,0,1,0,,
20207,3,0,,,,
20209,49,650,14,34,12,40
20999,10,170,11,24,11,38
21000,1889,25372,827,4907,525,4012
21001,9,129,3,0,2,0
21003,8,87,1,0,2,0
21005,6,69,1,0,4,0
21007,3,15,1,0,,
21009,22,260,11,52,6,25
21011,3,0,1,0,1,0
21013,13,180,6,0,2,0
21015,69,2097,23,0,23,0
21017,8,152,3,0,2,0
21019,32,395,11,45,9,21
21021,19,233,12,48,4,18
21023,4,0,,,,
21025,3,0,2,0,3,7
21027,7,109,3,0,1,0
21029,26,191,7,0,3,0
21031,5,0,,,1,0
21033,5,70,5,0,1,0
21035,17,180,9,32,3,8
21037,36,238,14,27,9,71
21039,3,0,1,0,,
21041,6,60,1,0,1,0
21043,11,157,4,0,4,0
21045,6,79,1,0,1,0
21047,25,367,18,98,8,12
21049,16,191,8,0,3,0
21051,5,0,4,20,1,0
21053,4,51,1,0,1,0
21055,5,60,1,0,1,0
21057,2,0,2,0,1,0
21059,58,2529,24,150,11,26
21061,2,0,,,,
21063,2,0,,,,
21065,4,48,2,0,2,0
21067,143,1778,56,353,34,153
21069,5,0,1,0,2,0
21071,14,130,7,16,5,9
21073,23,487,8,56,11,82
21075,4,0,1,0,,
21077,2,0,,,,
21079,5,38,2,0,1,0
21081,8,48,4,0,2,0
21083,12,196,7,20,3,7
21085,10,93,5,21,3,10
21087,3,0,1,0,,
21089,20,0,,,4,0
21091,6,0,1,0,,
21093,55,632,23,102,17,320
21095,11,71,7,12,5,7
21097,2,0,,,2,0
21099,6,0,1,0,,
21101,18,203,12,54,6,8
21103,7,65,,,,
21105,2,0,1,0,,
21107,27,226,12,55,4,7
21109,3,0,,,,
21111,314,4418,168,1903,117,1116
21113,23,151,8,19,3,8
21115,8,144,5,16,6,10
21117,73,574,21,168,15,228
21119,3,0,1,0,,
21121,13,93,10,55,3,8
21123,8,109,,,,
21125,26,285,18,90,8,20
21127,5,39,3,12,3,6
21129,1,0,1,0,1,0
21131,1,0,1,0,,
21133,10,0,,,3,0
21135,5,0,,,,
21137,7,63,3,0,1,0
21139,3,0,,,,
21141,12,119,6,0,2,0
21143,3,0,,,,
21145,40,447,17,84,13,55
21147,4,0,3,14,2,0
21149,7,47,,,,
21151,42,261,21,85,9,19
21153,3,38,4,0,2,0
21155,7,92,3,0,1,0
21157,11,249,1,0,1,0
21159,3,0,,,,
21161,5,82,9,34,5,7
21163,5,79,2,0,2,0
21165,1,0,,,,
21167,11,0,,,2,0
21169,5,0,,,,
21171,7,50,1,0,2,0
21173,14,174,7,29,4,8
21175,7,87,1,0,2,0
21177,11,84,5,16,4,7
21179,19,211,8,0,4,0
21181,1,0,,,,
21183,8,89,3,0,2,0
21185,15,129,8,26,5,27
21187,5,40,,,,
21189,1,0,,,,
21191,5,0,1,0,,
21193,16,184,5,16,6,16
21195,29,310,8,21,9,208
21197,5,51,1,0,1,0
21199,31,371,16,72,8,18
21201,1,0,,,,
21203,6,60,1,0,1,0
21205,12,122,8,37,3,8
21207,8,99,2,0,2,0
21209,19,153,6,24,6,5
21211,16,190,8,42,3,7
21213,7,98,4,9,3,6
21215,2,0,,,,
21217,13,175,9,0,3,0
21219,8,60,0,0,1,0
21221,5,52,2,0,2,0
21223,2,0,1,0,,
21225,4,86,1,0,1,0
21227,68,821,27,183,14,35
21229,3,0,1,0,,
21231,8,116,4,0,2,0
21233,7,0,1,0,,
21235,15,142,7,18,5,9
21237,2,0,2,0,,
21239,11,132,2,0,1,0
21999,13,228,45,174,24,118
22000,1883,20835,1551,7725,303,1223
22001,23,257,23,0,1,0
22003,8,48,14,0,1,0
22005,30,231,51,0,4,0
22007,7,33,1,0,1,0
22009,14,262,20,0,1,0
22011,16,165,13,50,3,3
22013,11,76,4,16,,
22015,48,463,38,0,2,0
22017,103,997,79,398,21,41
22019,102,884,62,305,11,62
22021,4,0,3,0,,
22023,3,12,,,,
22025,6,69,1,0,1,0
22027,8,43,5,11,,
22029,8,91,7,0,1,0
22031,13,103,5,11,,
22033,201,2634,159,1117,45,230
22035,2,0,1,0,,
22037,9,0,1,0,,
22039,10,192,13,31,,
22041,6,70,11,36,,
22043,8,46,,,,
22045,29,343,37,124,3,8
22047,14,181,12,0,2,0
22049,6,77,7,18,,
22051,159,1801,115,658,41,80
22053,21,141,12,31,,
22055,119,1388,72,325,21,97
22057,45,302,43,131,4,5
22059,9,95,5,12,,
22061,24,248,15,0,2,0
22063,37,371,37,171,6,3
22065,5,31,6,0,,
22067,9,74,16,45,,
22069,22,185,20,0,3,0
22071,131,2483,60,548,32,88
22073,76,892,59,996,15,326
22075,6,49,3,7,,
22077,8,118,6,0,1,0
22079,72,669,59,265,5,18
22081,3,0,4,0,,
22083,8,126,9,33,,
22085,18,139,8,31,,
22087,9,80,6,0,2,0
22089,14,107,8,0,2,0
22091,3,0,2,0,,
22093,10,70,7,22,,
22095,11,92,16,0,2,0
22097,38,336,39,137,3,12
22099,16,169,10,30,,
22101,26,230,30,0,4,0
22103,112,1182,83,409,23,79
22105,43,342,61,267,6,20
22107,2,0,,,,
22109,45,542,45,170,7,14
22111,8,70,8,14,,
22113,19,293,18,0,2,0
22115,9,103,12,51,,
22117,19,151,24,73,,
22119,13,121,26,74,,
22121,8,35,4,0,1,0
22123,5,29,4,0,1,0
22125,4,53,,,,
22127,3,0,9,0,10,0
22999,9,58,28,89,16,43
23000,680,7658,121,1688,92,1319
23001,41,728,13,100,6,133
23003,40,0,1,0,,
23005,172,1682,47,679,45,1133
23007,17,0,,,1,0
23009,35,309,2,0,2,0
23011,59,658,5,7,3,4
23013,27,347,,,,
23015,19,244,2,0,2,0
23017,17,0,2,0,,
23019,80,973,11,70,4,4
23021,13,58,,,,
23023,15,242,2,0,1,0
23025,23,206,1,0,1,0
23027,11,60,6,0,1,0
23029,22,0,,,1,0
23031,88,1087,20,53,16,15
23999,3,22,9,0,9,0
24000,1960,23259,868,12484,464,7223
24001,38,374,6,20,5,18
24003,213,2003,62,704,31,890
24005,277,3595,151,2126,53,1354
24009,24,139,10,0,1,0
24011,13,0,2,0,,
24013,53,430,18,202,6,12
24015,32,193,7,0,1,0
24017,37,382,12,45,5,17
24019,13,78,4,13,1,0
24021,96,915,31,1875,15,127
24023,17,0,2,0,,
24025,88,1042,29,0,9,0
24027,95,1833,61,1434,32,305
24029,11,0,1,0,,
24031,354,3763,143,2159,88,970
24033,209,3455,68,704,56,204
24035,19,153,6,0,3,0
24037,28,280,13,0,1,0
24039,6,36,,,,
24041,20,140,6,0,1,0
24043,60,0,18,0,14,2183
24045,42,492,11,0,5,0
24047,39,281,8,22,,
24510,141,2565,61,596,41,154
24999,37,0,142,405,98,246
25000,2656,48601,538,6254,363,2683
25001,113,1299,9,24,12,65
25003,68,0,2,0,,
25005,205,2326,40,255,17,139
25007,20,194,,,,
25009,299,3723,43,624,35,158
25011,21,0,2,0,,
25013,162,1728,28,289,13,46
25015,63,967,3,0,1,0
25017,637,8692,108,1216,72,519
25019,9,0,1,0,,
25021,279,8030,56,708,44,219
25023,175,1743,47,459,16,50
25025,273,14334,76,1771,70,1116
25027,304,3847,58,516,33,252
25999,29,478,65,0,52,0
26000,3167,50224,530,12763,418,14316
26001,4,0,,,,
26003,4,61,,,,
26005,30,202,5,15,,
26007,13,232,1,0,1,0
26009,7,64,,,,
26011,7,0,1,0,,
26013,3,0,,,,
26015,11,80,5,0,,
26017,37,523,4,27,4,75
26019,8,138,,,,
26021,60,1261,4,0,4,0
26023,19,283,2,0,0,0
26025,36,532,4,0,5,0
26027,9,81,,,1,0
26029,9,81,1,0,1,0
26031,11,119,1,0,1,0
26033,15,222,,,,
26035,10,119,,,,
26037,19,133,3,0,2,0
26039,6,66,,,,
26041,18,368,1,0,1,0
26043,11,195,2,0,0,0
26045,36,440,6,41,3,6
26047,18,196,3,0,1,0
26049,108,1813,25,168,16,95
26051,6,39,1,0,,
26053,6,0,2,0,,
26055,41,793,5,0,2,0
26057,14,228,1,0,1,0
26059,11,164,2,0,1,0
26061,15,0,,,2,0
26063,21,0,2,0,,
26065,101,2219,12,161,13,121
26067,24,474,1,0,2,0
26069,10,152,,,,
26071,7,111,,,,
26073,19,595,3,11,3,7
26075,53,783,3,17,6,73
26077,76,3277,14,360,10,23
26079,3,0,,,1,0
26081,204,4480,40,702,23,192
26083,1,0,,,,
26085,3,0,,,,
26087,25,285,1,0,4,0
26089,9,43,,,,
26091,14,252,2,0,3,0
26093,44,381,14,46,10,19
26095,3,37,,,,
26097,9,0,,,,
26099,259,2575,27,842,28,221
26101,13,87,,,,
26103,31,425,1,0,3,0
26105,13,0,1,0,,
26107,11,0,1,0,,
26109,9,0,1,0,,
26111,25,0,,,2,0
26113,5,99,,,,
26115,40,455,3,0,1,0
26117,20,232,2,0,1,0
26119,4,0,,,,
26121,52,604,6,16,4,8
26123,7,99,1,0,,
26125,470,9055,98,5767,89,1378
26127,8,0,1,0,,
26129,10,77,,,,
26131,4,37,,,,
26133,9,59,,,,
26135,5,0,,,,
26137,11,0,1,0,,
26139,84,1072,6,63,4,12
26141,5,80,,,,
26143,11,86,,,,
26145,82,1350,7,148,5,7
26147,50,399,5,0,1,0
26149,28,0,4,0,,
26151,21,0,2,0,,
26153,6,0,,,1,0
26155,22,227,1,0,2,0
26157,17,0,1,0,,
26159,20,179,3,0,1,0
26161,110,1184,16,969,8,92
26163,418,6618,68,0,51,0
26165,16,96,2,0,2,0
26999,50,844,101,673,94,636
27000,1908,50991,517,8201,361,3715
27001,4,46,,,,
27003,71,845,19,110,9,35
27005,12,167,8,0,1,0
27007,18,260,2,0,1,0
27009,12,0,3,0,,
27011,3,0,1,0,,
27013,29,451,6,0,2,0
27015,15,325,,,,
27017,12,330,3,8,,
27019,32,330,6,0,4,0
27021,11,0,2,0,,
27023,8,147,,,,
27025,9,123,,,,
27027,22,0,5,0,,
27029,4,47,,,,
27031,4,0,,,,
27033,8,87,,,,
27035,38,536,3,0,1,0
27037,114,2762,31,462,19,508
27039,9,0,1,0,,
27041,21,242,4,0,2,0
27043,13,0,1,0,,
27045,16,156,,,,
27047,18,155,1,0,3,0
27049,22,251,2,0,1,0
27051,8,0,1,0,,
27053,343,23545,150,3887,128,1927
27055,8,87,,,,
27057,4,100,1,0,1,0
27059,9,162,,,,
27061,24,231,3,0,1,0
27063,9,56,,,,
27065,5,113,,,,
27067,19,312,3,0,2,0
27069,1,0,1,0,,
27071,7,123,,,,
27073,6,0,1,0,,
27075,8,89,,,,
27077,3,24,,,,
27079,12,0,1,0,,
27081,4,24,,,,
27083,12,737,4,30,,
27085,19,0,2,0,,
27087,3,49,,,,
27089,9,0,1,0,,
27091,16,0,1,0,,
27093,10,0,1,0,,
27095,11,0,2,0,,
27097,13,0,1,0,,
27099,19,0,1,0,,
27101,7,0,1,0,,
27103,11,0,1,0,,
27105,15,0,5,0,,
27107,6,0,1,0,,
27109,50,690,8,103,4,10
27111,28,330,3,21,,
27113,5,0,1,0,,
27115,10,0,2,0,,
27117,5,76,,,,
27119,16,151,3,0,1,0
27121,7,94,,,,
27123,126,5525,42,1221,37,225
27125,5,0,1,0,,
27127,12,0,1,0,,
27129,10,0,1,0,,
27131,19,289,2,0,2,0
27133,4,0,,,1,0
27135,6,0,1,0,,
27137,87,1155,7,27,3,5
27139,31,390,5,14,7,24
27141,18,0,,,4,0
27143,8,61,,,,
27145,68,2094,15,574,7,43
27147,19,201,1,0,1,0
27149,4,0,1,0,,
27151,9,76,,,,
27153,13,140,,,,
27155,4,25,,,,
27157,12,146,,,,
27159,7,100,,,,
27161,7,120,,,,
27163,64,913,17,484,19,224
27165,12,109,,,,
27167,3,0,1,0,,
27169,20,0,2,0,,
27171,33,393,2,0,4,0
27173,6,56,,,,
27999,40,816,126,364,99,322
28000,1208,14509,1036,4302,412,1193
28001,13,182,14,97,6,11
28003,18,151,22,70,4,9
28005,3,0,,,,
28007,6,72,9,34,5,8
28009,4,0,,,,
28011,20,152,8,20,5,11
28013,5,30,6,17,,
28015,3,20,,,,
28017,6,80,7,0,1,0
28019,2,0,2,0,,
28021,3,0,2,0,,
28023,4,44,2,0,2,0
28025,9,58,7,31,3,5
28027,15,128,11,36,5,9
28029,12,72,10,23,7,13
28031,8,82,5,11,5,8
28033,52,543,48,189,16,36
28035,35,714,31,111,11,24
28037,3,0,1,0,,
28039,7,109,9,0,2,0
28041,3,0,,,1,0
28043,13,105,15,53,3,7
28045,18,111,8,0,2,0
28047,83,1163,62,237,18,191
28049,89,1795,48,235,25,117
28051,6,59,1,0,1,0
28053,4,0,2,0,1,0
28055,2,0,,,,
28057,6,0,8,65,2,0
28059,55,604,32,123,15,35
28061,7,74,2,0,2,0
28063,2,0,,,,
28065,3,0,4,11,2,0
28067,23,352,25,132,10,25
28069,3,0,1,0,,
28071,26,247,13,95,4,12
28073,31,358,12,29,9,21
28075,34,473,40,154,12,37
28077,5,67,3,0,1,0
28079,5,105,9,0,1,0
28081,43,594,45,349,13,48
28083,16,137,17,0,5,0
28085,13,185,22,60,6,14
28087,29,259,20,58,11,30
28089,43,866,38,254,16,53
28091,9,174,14,47,6,17
28093,9,168,6,67,4,8
28095,15,110,14,41,5,11
28097,4,69,7,0,2,0
28099,14,94,18,0,2,0
28101,10,64,9,35,,
28103,3,0,3,6,1,0
28105,18,177,15,59,5,9
28107,15,195,16,58,6,12
28109,15,163,22,91,5,23
28111,5,0,,,,
28113,26,225,22,105,8,27
28115,10,118,6,17,4,8
28117,10,117,9,21,4,8
28119,4,35,2,0,1,0
28121,57,560,36,435,17,56
28123,9,144,10,40,4,12
28125,3,0,2,0,,
28127,9,176,12,35,3,7
28129,5,0,,,2,0
28131,6,94,2,0,8,0
28133,13,111,10,38,5,16
28135,5,0,1,0,,
28137,8,87,8,26,4,9
28139,9,97,7,0,2,0
28141,9,90,4,0,1,0
28143,5,45,4,7,4,8
28145,9,128,11,34,5,11
28147,4,38,3,0,2,0
28149,25,214,13,37,11,23
28151,25,184,18,60,10,19
28153,11,49,14,0,2,0
28155,2,0,3,7,1,0
28157,2,0,,,1,0
28159,8,53,3,9,5,9
28161,6,66,1,0,1,0
28163,7,75,5,15,3,10
28999,18,48,87,172,36,81
29000,2575,40328,1204,10623,393,6020
29001,10,138,5,11,,
29003,6,37,1,0,1,0
29005,5,35,,,,
29007,13,139,8,19,,
29009,21,209,7,0,3,0
29011,5,62,1,0,1,0
29013,10,0,,,,
29015,8,117,3,5,,
29017,5,37,,,,
29019,71,810,25,0,12,0
29021,36,407,29,132,3,3
29023,24,447,15,0,1,0
29025,4,52,,,,
29027,8,146,6,0,1,0
29029,26,289,8,0,2,0
29031,36,521,14,37,4,4
29033,7,113,,,,
29035,6,0,,,,
29037,35,336,15,40,3,4
29039,6,0,1,0,,
29041,6,138,,,,
29043,36,282,19,0,1,0
29045,5,62,,,,
29047,87,914,43,201,11,45
29049,9,112,4,10,,
29051,46,916,24,98,5,61
29053,14,90,5,13,,
29055,8,0,,,1,0
29057,4,23,,,,
29059,5,100,,,,
29061,4,39,,,,
29063,6,69,,,,
29065,5,0,1,0,,
29067,5,52,,,,
29069,13,162,17,42,,
29071,42,682,24,0,1,0
29073,9,0,1,0,,
29075,5,30,,,,
29077,156,2242,68,0,18,0
29079,5,40,1,0,1,0
29081,7,0,1,0,,
29083,12,98,6,19,,
29085,2,0,1,0,,
29087,7,38,,,,
29089,6,101,,,,
29091,12,227,13,0,2,0
29093,4,29,,,,
29095,242,5379,125,1253,47,599
29097,60,675,43,200,4,27
29099,57,622,38,86,8,76
29101,19,249,9,0,2,0
29103,2,0,,,,
29105,15,171,11,31,,
29107,16,0,2,0,,
29109,11,0,2,0,,
29111,7,88,,,,
29113,16,246,5,18,,
29115,6,63,,,,
29117,5,127,6,21,,
29119,9,0,2,0,,
29121,9,99,3,14,,
29123,4,56,,,,
29125,5,0,,,,
29127,21,243,12,76,,
29129,3,21,,,,
29131,10,0,1,0,,
29133,5,0,1,0,,
29135,6,76,,,,
29137,7,0,1,0,,
29139,12,73,,,,
29141,8,0,1,0,,
29143,9,0,2,0,,
29145,29,312,9,0,1,0
29147,9,115,3,23,,
29149,3,0,,,,
29151,9,79,,,,
29153,4,0,,,,
29155,6,116,4,0,2,0
29157,9,178,7,11,,
29159,14,174,15,47,,
29161,22,280,11,0,1,0
29163,8,111,3,0,1,0
29165,47,908,11,74,4,8
29167,11,0,2,0,,
29169,20,259,5,11,3,3
29171,3,48,,,,
29173,3,0,1,0,,
29175,13,200,11,120,,
29177,9,86,1,0,2,0
29179,3,0,,,,
29181,7,55,,,,
29183,139,1574,54,3330,26,126
29185,7,66,,,,
29186,7,0,1,0,,
29187,28,445,20,0,1,0
29189,442,7295,184,2124,90,919
29195,8,142,8,25,,
29197,3,0,,,,
29199,4,33,,,,
29201,18,221,11,0,3,0
29203,4,0,,,,
29205,5,42,,,,
29207,22,229,11,0,1,0
29209,15,100,2,0,3,0
29211,5,49,,,,
29213,25,301,6,0,2,0
29215,11,0,1,0,,
29217,9,355,10,0,2,0
29219,13,140,4,13,,
29221,7,0,2,0,,
29223,7,0,1,0,,
29225,15,0,2,0,,
29227,1,0,,,,
29229,11,0,3,0,,
29510,102,4936,39,261,23,514
29999,18,469,136,894,100,246
30000,485,6839,161,899,90,323
30001,5,0,1,0,,
30003,2,0,2,0,,
30005,3,0,,,,
30007,3,33,,,1,0
30009,5,44,1,0,0,0
30013,31,454,12,95,4,21
30015,4,0,1,0,,
30017,7,0,2,0,,
30019,2,0,,,,
30021,7,0,1,0,,
30023,6,0,1,0,,
30025,3,31,,,,
30027,6,0,1,0,,
30029,39,690,15,153,13,57
30031,43,708,18,55,13,49
30033,1,0,,,,
30035,4,0,2,0,,
30039,2,0,,,,
30041,7,0,2,0,,
30043,4,0,,,,
30045,1,0,,,,
30047,15,140,4,0,1,0
30049,33,473,12,0,3,0
30051,4,8,,,,
30053,8,0,1,0,,
30055,2,0,,,,
30057,5,49,,,,
30059,1,0,,,,
30061,3,0,,,,
30063,50,820,23,86,14,14
30065,3,18,,,,
30067,9,99,3,4,,
30071,3,0,1,0,,
30073,5,0,1,0,,
30075,1,0,,,,
30077,3,0,1,0,,
30079,1,0,,,,
30081,17,239,1,0,1,0
30083,4,0,1,0,,
30085,7,0,2,0,,
30087,5,43,,,,
30089,6,54,,,,
30091,4,41,,,,
30093,18,178,5,13,,
30095,4,19,,,,
30097,4,0,,,,
30099,4,0,,,,
30101,4,31,,,,
30103,1,0,,,,
30105,6,0,1,0,,
30107,2,0,,,,
30109,1,0,,,,
30111,60,1324,39,194,21,121
30999,6,0,10,0,19,18
31000,1087,14740,187,5818,284,4491
31001,16,181,1,0,3,0
31003,6,0,,,1,0
31007,1,0,,,,
31011,6,76,,,,
31013,10,76,1,0,1,0
31015,4,29,,,,
31017,2,0,,,,
31019,27,366,4,42,5,13
31021,5,0,2,0,,
31023,7,63,,,,
31025,12,0,,,1,0
31027,11,101,,,,
31029,5,0,1,0,,
31031,7,29,,,,
31033,9,84,1,0,2,0
31035,8,0,1,0,,
31037,6,62,,,,
31039,12,0,1,0,,
31041,12,0,1,0,,
31043,9,0,,,1,0
31045,7,0,,,1,0
31047,16,192,0,0,2,0
31049,1,0,,,,
31051,3,0,,,1,0
31053,24,274,2,0,3,0
31055,213,5015,55,2846,112,1084
31057,2,0,,,,
31059,8,88,,,,
31061,4,28,,,,
31063,4,0,,,,
31065,7,47,,,,
31067,18,124,1,0,3,0
31069,3,0,1,0,,
31071,3,0,,,,
31073,2,0,,,,
31077,5,30,,,,
31079,35,414,9,73,9,19
31081,6,79,,,,
31083,6,33,,,,
31085,1,0,,,,
31087,2,0,,,,
31089,8,0,1,0,,
31091,2,0,,,,
31093,5,41,,,,
31095,5,47,,,,
31097,6,42,,,,
31099,3,0,1,0,,
31101,5,0,,,1,0
31105,2,0,,,,
31107,8,0,1,0,,
31109,148,1988,25,2429,35,667
31111,19,251,4,87,6,14
31115,1,0,,,,
31117,1,0,,,,
31119,31,333,4,36,4,8
31121,7,69,,,,
31123,3,21,1,0,,
31125,3,35,,,,
31127,4,56,,,,
31129,6,59,,,,
31131,11,99,1,0,1,0
31133,6,26,,,,
31135,4,20,,,,
31137,8,83,,,,
31139,5,0,,,1,0
31141,27,303,8,48,6,19
31143,4,0,,,2,0
31145,10,138,2,0,2,0
31147,6,66,,,,
31149,1,0,,,,
31151,12,90,,,,
31153,51,542,12,0,17,0
31155,14,151,,,,
31157,23,306,6,31,7,69
31159,8,149,,,,
31161,4,0,1,0,,
31163,4,0,,,,
31165,1,0,,,,
31167,3,0,,,,
31169,8,102,,,,
31171,1,0,,,,
31173,3,0,,,,
31175,6,42,,,,
31177,10,0,2,0,,
31179,7,0,,,2,0
31181,3,0,,,,
31183,2,0,,,,
31185,20,0,,,1,0
31999,14,108,38,88,55,111
32000,628,8630,780,8831,332,2142
32001,8,62,11,29,,
32003,421,6021,551,7447,257,1830
32005,14,108,14,33,13,54
32007,15,150,12,0,2,0
32011,1,0,,,,
32013,6,36,4,10,,
32015,1,0,,,,
32017,3,0,,,,
32019,8,73,13,28,,
32021,1,0,,,,
32023,6,51,5,17,,
32027,2,0,1,0,,
32031,115,1683,133,835,58,251
32033,4,31,1,0,,
32510,19,0,33,370,2,0
32999,4,121,2,0,1,0
33000,528,5907,177,1669,104,440
33001,25,258,6,0,1,0
33003,21,173,6,0,1,0
33005,23,252,7,51,,
33007,17,129,2,0,1,0
33009,60,459,8,0,1,0
33011,139,1529,49,444,29,0
33013,63,616,12,306,5,44
33015,110,1436,41,643,21,95
33017,43,480,11,74,5,37
33019,23,0,2,0,,
33999,5,0,34,94,40,96
34000,3225,50344,692,13251,545,7819
34001,86,740,8,36,11,61
34003,436,4464,105,1478,82,1239
34005,141,2990,49,5035,34,923
34007,132,2138,30,469,21,91
34009,47,467,7,16,,
34011,36,457,5,30,5,33
34013,257,3660,31,329,40,267
34015,81,1077,6,77,14,210
34017,183,12870,43,410,53,1258
34019,48,445,9,44,4,17
34021,160,2551,31,192,21,0
34023,302,4075,58,540,45,298
34025,276,2550,46,252,31,367
34027,241,2355,49,1400,23,203
34029,183,1836,24,446,16,130
34031,131,2333,31,691,25,181
34033,26,256,1,0,1,0
34035,145,1689,22,614,11,72
34037,53,400,4,0,1,0
34039,193,2068,32,599,16,100
34041,38,321,2,0,1,0
34999,32,605,102,576,92,0
35000,633,8184,494,2713,117,553
35001,191,3053,162,1025,50,397
35003,1,0,,,,
35005,26,341,15,52,,
35006,6,67,9,37,,
35007,12,0,1,0,,
35009,18,221,14,80,3,5
35011,1,0,,,,
35013,52,692,48,412,4,11
35015,25,330,11,28,,
35017,10,110,3,0,1,0
35019,4,14,,,,
35023,2,0,,,,
35025,22,241,12,26,4,6
35027,13,82,6,13,,
35028,9,206,,,,
35029,6,76,7,0,1,0
35031,12,0,30,198,2,0
35033,4,0,,,,
35035,19,283,11,25,,
35037,7,0,3,0,,
35039,7,66,7,19,,
35041,7,63,5,10,,
35043,31,241,19,0,5,0
35045,27,410,37,185,6,25
35047,8,170,10,54,,
35049,61,720,25,139,9,27
35051,6,40,3,7,,
35053,4,48,3,7,,
35055,13,119,3,0,3,0
35057,4,0,,,1,0
35059,2,0,,,,
35061,16,156,16,59,3,6
35999,10,38,37,256,26,36
36000,6488,112145,1358,32314,1623,21042
36001,164,1811,19,569,17,115
36003,22,124,,,,
36005,151,1524,47,192,160,877
36007,70,617,6,22,3,20
36009,34,0,,,1,0
36011,24,186,1,0,1,0
36013,60,487,2,0,1,0
36015,42,478,2,0,1,0
36017,21,0,,,,
36019,35,228,2,0,3,0
36021,27,191,3,0,2,0
36023,18,114,1,0,1,0
36025,20,0,2,0,,
36027,111,1460,4,16,11,42
36029,365,10190,53,1642,37,445
36031,15,133,,,,
36033,25,0,1,0,,
36035,13,121,2,0,1,0
36037,18,0,2,0,,
36039,24,195,2,0,2,0
36041,3,0,,,,
36043,23,146,,,,
36045,54,430,3,0,1,0
36047,395,4658,98,3990,236,1351
36049,11,50,,,,
36051,27,150,,,,
36053,23,0,2,0,,
36055,262,3183,40,520,20,116
36057,16,0,1,0,,
36059,535,5696,131,1751,144,1534
36061,892,45411,388,17622,351,8641
36063,78,927,4,16,4,15
36065,91,1810,5,0,1,0
36067,197,2299,21,387,12,71
36069,40,572,3,0,2,0
36071,129,1097,15,67,13,71
36073,13,63,,,,
36075,34,373,1,0,1,0
36077,28,160,1,0,2,0
36079,26,259,3,0,2,0
36081,456,8242,83,1155,203,1042
36083,57,305,4,11,,
36085,117,1036,29,200,23,69
36087,112,753,17,173,39,229
36089,41,511,2,0,3,0
36091,95,841,21,208,12,66
36093,63,438,4,0,1,0
36095,14,0,1,0,,
36097,7,33,,,,
36099,13,0,3,0,,
36101,47,634,3,21,,
36103,580,5494,91,1818,127,3180
36105,33,213,1,0,,
36107,21,135,,,,
36109,52,674,4,16,,
36111,79,755,7,0,2,0
36113,36,490,1,0,1,0
36115,21,0,1,0,,
36117,29,282,1,0,1,0
36119,376,3111,53,585,91,2348
36121,21,131,,,,
36123,7,58,,,,
36999,80,544,170,959,92,613
37000,3416,68306,1526,15054,508,4913
37001,48,445,23,221,5,10
37003,9,90,5,61,,
37005,6,43,3,11,,
37007,6,0,1,0,,
37009,10,109,4,16,,
37011,9,58,,,,
37013,17,142,6,0,1,0
37015,4,37,,,,
37017,10,0,3,0,,
37019,48,288,7,23,3,6
37021,109,1262,39,244,15,49
37023,25,206,9,42,,
37025,51,434,23,0,4,0
37027,19,151,17,0,1,0
37029,2,0,1,0,1,0
37031,32,256,6,0,1,0
37033,3,0,1,0,,
37035,56,469,25,83,4,12
37037,22,108,5,0,2,0
37039,11,111,4,0,2,0
37041,7,42,2,0,1,0
37043,5,35,,,,
37045,35,255,18,75,,
37047,23,353,13,76,,
37049,29,266,18,0,1,0
37051,79,702,53,382,13,76
37053,7,57,2,0,1,0
37055,31,222,3,31,3,7
37057,38,295,13,40,3,8
37059,12,78,3,5,,
37061,17,99,9,0,2,0
37063,88,1043,29,0,11,0
37065,11,96,2,0,3,0
37067,153,4973,48,307,12,327
37069,11,77,7,0,1,0
37071,63,543,21,84,7,29
37073,3,22,,,,
37075,3,39,,,,
37077,13,119,2,0,1,0
37079,3,0,1,0,,
37081,189,3400,66,731,25,195
37083,18,161,11,0,2,0
37085,28,337,9,0,1,0
37087,22,208,8,40,,
37089,34,313,16,0,3,0
37091,9,109,4,0,1,0
37093,5,63,4,22,,
37095,4,18,1,0,,
37097,63,512,25,137,7,20
37099,12,0,1,0,,
37101,50,368,19,0,5,0
37103,3,15,,,,
37105,23,167,13,0,2,0
37107,18,158,13,0,1,0
37109,24,229,11,0,2,0
37111,9,84,6,33,,
37113,17,225,2,0,1,0
37115,8,47,,,,
37117,10,70,5,0,1,0
37119,411,27341,258,7246,121,2125
37121,5,36,3,13,,
37123,11,0,3,0,,
37125,43,333,14,37,3,6
37127,40,470,13,0,3,0
37129,93,1364,43,507,21,64
37131,1,0,,,,
37133,44,454,16,46,4,18
37135,46,350,11,99,6,6
37137,5,42,,,,
37139,18,217,7,0,0,0
37141,8,59,3,0,1,0
37143,4,0,1,0,,
37145,11,110,5,24,,
37147,62,1189,34,328,6,17
37149,9,57,3,0,2,0
37151,41,336,12,84,3,50
37153,14,87,10,0,1,0
37155,32,820,13,0,2,0
37157,30,243,11,0,1,0
37159,38,280,12,43,5,9
37161,24,167,10,0,1,0
37163,17,108,7,0,1,0
37165,10,82,10,45,,
37167,24,235,9,26,,
37169,10,0,1,0,,
37171,36,322,10,0,2,0
37173,6,50,2,0,1,0
37175,10,82,3,5,,
37177,3,18,,,,
37179,51,338,28,85,9,8
37181,12,91,8,0,2,0
37183,393,7958,152,937,84,517
37185,5,32,,,,
37187,6,48,1,0,2,0
37189,21,198,4,0,3,0
37191,34,312,19,0,2,0
37193,20,162,7,24,,
37195,27,829,10,0,2,0
37197,12,85,6,18,,
37199,6,0,1,0,,
37999,56,2873,129,834,70,686
38000,502,7433,120,0,39,0
38001,4,27,,,,
38003,6,0,1,0,,
38005,3,29,1,0,3,0
38009,7,0,1,0,,
38011,7,0,2,0,,
38013,2,0,,,,
38015,50,807,14,47,4,11
38017,95,2429,40,0,20,0
38019,5,0,1,0,,
38021,6,43,,,,
38023,2,0,1,0,,
38025,3,20,,,,
38027,2,0,,,,
38029,4,40,,,,
38031,3,0,1,0,,
38033,3,20,,,,
38035,37,557,11,0,2,0
38037,3,0,1,0,,
38039,4,21,,,,
38041,4,0,1,0,,
38043,3,21,,,,
38045,9,0,1,0,,
38047,3,24,,,,
38049,4,0,1,0,,
38051,4,0,1,0,,
38053,7,126,,,,
38055,10,0,1,0,,
38057,9,0,1,0,,
38059,18,252,5,82,,
38061,8,0,,,1,0
38063,6,45,,,,
38065,1,0,,,,
38067,10,0,1,0,,
38069,5,44,1,0,,
38071,9,175,4,45,,
38073,7,0,1,0,,
38075,3,20,,,,
38077,12,89,2,0,1,0
38079,5,0,2,0,,
38081,5,32,,,,
38083,2,0,,,1,0
38089,16,255,5,0,1,0
38091,3,0,,,,
38093,11,143,3,0,1,0
38095,3,24,,,,
38097,9,0,1,0,,
38099,12,0,2,0,,
38101,34,557,8,0,1,0
38103,6,61,,,,
38105,15,275,3,0,2,0
38999,4,72,2,0,2,0
39000,4516,59576,1310,21275,849,15507
39001,11,130,3,0,2,0
39003,42,442,14,84,4,12
39005,21,142,,,,
39007,43,312,7,0,3,0
39009,28,263,5,11,,
39011,18,133,4,0,1,0
39013,33,317,5,0,2,0
39015,15,87,3,13,,
39017,123,1139,32,334,29,227
39019,6,35,,,,
39021,13,0,2,0,1,0
39023,46,417,15,135,6,17
39025,69,573,14,0,6,0
39027,16,213,4,0,1,0
39029,32,228,8,0,2,0
39031,11,109,4,16,,
39033,21,236,2,0,4,0
39035,527,9404,147,3284,114,954
39037,20,335,5,0,1,0
39039,18,383,5,0,3,0
39041,69,733,23,959,12,214
39043,29,290,8,0,4,0
39045,46,433,15,35,6,13
39047,11,0,12,280,1,0
39049,431,7458,162,5135,188,8714
39051,20,0,3,0,1,0
39053,12,228,7,0,2,0
39055,42,323,5,0,2,0
39057,58,404,17,136,5,24
39059,16,127,5,0,1,0
39061,382,11142,112,2093,75,2310
39063,33,327,6,22,5,14
39065,14,155,3,0,1,0
39067,7,0,,,1,0
39069,15,139,3,0,1,0
39071,17,292,2,0,2,0
39073,8,101,1,0,1,0
39075,20,275,,,,
39077,27,247,6,0,2,0
39079,17,166,4,11,,
39081,29,233,4,0,2,0
39083,21,254,5,0,1,0
39085,103,700,25,101,19,42
39087,18,147,5,0,3,0
39089,54,957,15,0,3,0
39091,19,179,3,0,3,0
39093,104,774,32,111,16,149
39095,156,1733,36,349,25,91
39097,12,70,3,0,2,0
39099,85,649,23,70,23,103
39101,22,155,8,0,2,0
39103,62,583,12,29,5,6
39105,7,0,2,0,,
39107,22,221,5,0,1,0
39109,39,329,10,43,5,22
39111,7,78,,,,
39113,184,1702,59,3906,26,92
39115,4,73,,,,
39117,7,0,2,0,,
39119,33,448,8,40,4,13
39121,3,63,,,,
39123,23,0,2,0,,
39125,7,0,0,0,,
39127,11,105,3,0,1,0
39129,16,159,4,0,4,0
39131,14,165,3,0,1,0
39133,45,386,9,33,5,24
39135,18,134,2,0,2,0
39137,16,0,1,0,,
39139,63,527,11,44,5,16
39141,25,285,8,42,3,7
39143,26,339,5,0,2,0
39145,29,265,7,0,1,0
39147,25,249,3,0,1,0
39149,25,184,3,37,,
39151,147,1625,34,1261,21,60
39153,206,2013,54,284,33,189
39155,76,760,19,68,11,27
39157,46,421,10,0,2,0
39159,16,236,6,15,4,6
39161,11,108,3,0,2,0
39163,3,0,,,1,0
39165,84,747,16,278,14,741
39167,29,523,9,43,29,124
39169,53,380,10,0,2,0
39171,21,132,2,0,2,0
39173,54,326,13,0,4,0
39175,15,148,2,0,0,0
39999,40,1153,146,834,72,0
40000,1508,25070,1191,6086,234,1065
40001,6,71,9,36,,
40003,8,72,,,,
40005,3,0,8,0,,
40007,3,0,,,,
40009,16,224,6,0,1,0
40011,5,0,1,0,,
40013,13,103,19,86,4,26
40015,16,147,6,0,1,0
40017,40,456,24,66,6,15
40019,21,343,27,0,1,0
40021,15,167,18,0,2,0
40023,5,89,11,0,1,0
40025,3,0,,,,
40027,87,1150,40,267,6,18
40029,2,0,,,,
40031,51,949,39,0,2,0
40033,3,0,1,0,,
40035,8,145,6,17,,
40037,20,346,15,69,3,5
40039,21,254,14,0,1,0
40041,12,178,17,0,3,0
40043,6,0,1,0,,
40045,2,0,,,,
40047,25,389,16,0,2,0
40049,12,148,8,0,1,0
40051,18,258,14,0,2,0
40053,6,45,,,,
40055,5,0,,,1,0
40057,3,0,,,,
40059,2,0,2,0,,
40061,2,0,2,0,,
40063,5,57,7,16,,
40065,12,187,13,0,2,0
40067,5,0,1,0,,
40069,1,0,1,0,,
40071,16,222,19,0,3,0
40073,9,125,3,0,1,0
40075,6,0,1,0,,
40077,5,33,4,6,,
40079,16,266,30,79,3,12
40081,13,157,6,21,,
40083,10,134,11,34,,
40085,3,0,2,0,,
40087,14,140,9,0,3,0
40089,12,169,11,0,1,0
40091,7,98,8,19,,
40093,4,0,1,0,,
40095,12,125,3,7,,
40097,15,180,12,0,2,0
40099,8,62,4,5,,
40101,25,394,22,68,3,6
40103,4,0,1,0,,
40105,5,63,3,4,,
40107,2,0,1,0,,
40109,314,6258,275,2136,72,358
40111,14,196,16,0,2,0
40113,8,86,4,0,1,0
40115,14,176,11,0,1,0
40117,4,57,3,10,,
40119,28,515,19,0,2,0
40121,14,244,19,73,4,10
40123,23,375,15,0,1,0
40125,20,314,26,0,2,0
40127,3,0,2,0,,
40129,1,0,,,,
40131,24,244,16,37,4,7
40133,9,145,12,34,,
40135,13,140,26,71,4,9
40137,23,355,12,0,2,0
40139,7,152,7,0,1,0
40141,5,124,3,6,,
40143,275,5791,190,1547,64,468
40145,10,140,8,0,2,0
40147,19,395,15,26,4,16
40149,9,70,,,,
40151,7,103,2,0,1,0
40153,11,160,12,0,1,0
40999,10,52,28,51,12,20
41000,1364,19449,519,4623,400,2971
41001,8,51,3,12,,
41003,26,390,4,9,4,9
41005,134,1251,83,1125,60,421
41007,20,159,7,0,2,0
41009,17,182,3,8,,
41011,28,264,6,0,2,0
41013,7,51,2,0,2,0
41015,11,0,,,1,0
41017,73,670,38,205,27,90
41019,37,403,8,32,8,19
41021,2,0,1,0,,
41023,6,0,,,,
41025,5,31,,,,
41027,9,78,2,0,1,0
41029,82,948,32,213,15,36
41031,6,0,2,0,,
41033,31,299,8,34,8,21
41035,17,209,8,24,3,8
41037,3,16,2,0,1,0
41039,118,1595,36,246,26,63
41041,25,182,5,8,3,7
41043,38,319,9,51,7,15
41045,13,0,2,0,,
41047,94,1586,41,316,31,201
41049,6,37,1,0,,
41051,263,6442,94,632,88,760
41053,21,131,3,9,4,15
41055,1,0,,,,
41057,11,0,1,0,,
41059,29,251,13,0,1,0
41061,12,88,4,11,,
41063,5,45,,,,
41065,12,81,5,11,,
41067,162,2781,63,1140,71,1179
41069,1,0,,,,
41071,26,245,8,34,3,3
41999,8,296,28,356,33,104
42000,5211,74836,977,12374,651,5530
42001,29,334,2,0,1,0
42003,521,20639,114,1606,70,927
42005,31,292,3,0,1,0
42007,65,484,8,25,4,10
42009,25,174,3,0,1,0
42011,154,1724,19,101,9,21
42013,62,579,14,0,1,0
42015,37,288,2,0,1,0
42017,266,2927,60,607,57,591
42019,87,813,18,189,3,15
42021,86,913,10,75,,
42023,3,17,,,,
42025,25,0,,,2,0
42027,76,652,9,33,5,15
42029,201,2187,36,356,42,163
42031,19,0,1,0,,
42033,34,501,7,21,,
42035,16,111,2,0,1,0
42037,28,334,6,18,,
42039,34,241,6,0,1,0
42041,116,1477,20,113,12,54
42043,129,1948,12,68,7,61
42045,204,1899,39,682,39,328
42047,16,115,3,5,,
42049,111,1226,19,0,2,0
42051,41,348,5,16,,
42053,2,0,,,,
42055,64,763,9,0,2,0
42057,6,57,,,,
42059,14,192,4,9,,
42061,18,0,1,0,,
42063,35,863,7,0,1,0
42065,20,0,2,0,,
42067,13,0,,,,
42069,104,2113,10,28,10,46
42071,228,2132,38,347,16,186
42073,34,264,4,0,2,0
42075,55,508,7,25,,
42077,116,1424,25,770,21,395
42079,148,1166,24,1269,8,23
42081,66,692,9,0,2,0
42083,23,0,2,0,,
42085,46,1004,8,0,1,0
42087,23,235,3,17,,
42089,61,605,5,16,4,21
42091,380,4121,106,3495,73,0
42093,13,0,1,0,,
42095,125,1019,11,88,12,111
42097,39,0,1,0,,
42099,22,0,,,1,0
42101,380,7372,63,726,101,419
42103,15,89,,,3,11
42105,7,0,1,0,,
42107,61,562,8,0,2,0
42109,23,164,4,11,,
42111,36,419,3,0,1,0
42113,4,22,,,,
42115,18,0,,,1,0
42117,18,0,2,0,,
42119,26,255,3,0,1,0
42121,18,210,3,0,1,0
42123,19,0,3,13,,
42125,81,725,13,27,5,57
42127,25,0,,,2,0
42129,170,1277,22,0,10,0
42131,15,120,,,,
42133,180,1605,20,69,5,46
42999,51,1140,146,1052,109,316
44000,319,9804,152,1251,106,764
44001,18,0,5,7,3,0
44003,49,1278,29,253,20,253
44005,24,266,7,0,6,0
44007,179,7444,66,437,51,418
44009,41,506,16,30,8,26
44999,9,0,30,0,19,0
45000,1344,19766,1528,14305,391,1408
45001,11,65,8,0,2,0
45003,30,486,32,124,11,25
45005,2,0,3,11,,
45007,50,447,41,177,7,26
45009,4,0,6,0,,
45011,3,0,7,21,1,0
45013,58,697,40,291,9,31
45015,26,612,30,151,12,23
45017,2,0,5,0,,
45019,123,1373,141,1321,44,136
45021,10,108,19,82,7,11
45023,8,64,6,0,1,0
45025,12,81,17,0,3,0
45027,8,85,13,0,2,0
45029,6,98,14,0,2,0
45031,15,240,20,86,6,8
45033,6,74,15,0,2,0
45035,30,225,32,151,7,8
45037,3,0,4,0,,
45039,4,0,8,24,2,0
45041,46,450,58,342,16,56
45043,25,230,22,555,4,9
45045,174,4482,174,1928,45,257
45047,21,284,21,117,5,11
45049,4,29,7,0,2,0
45051,111,1164,85,586,15,42
45053,4,31,7,0,1,0
45055,19,200,20,67,3,3
45057,12,152,18,909,5,9
45059,15,131,17,0,2,0
45061,6,25,4,9,,
45063,69,1107,75,341,15,47
45065,3,0,1,0,,
45067,14,188,13,0,1,0
45069,4,0,12,43,2,0
45071,9,49,15,57,5,9
45073,18,241,12,0,1,0
45075,21,354,25,93,4,16
45077,30,235,24,126,3,5
45079,113,3025,125,1326,37,266
45081,4,19,4,9,,
45083,72,734,91,1600,15,36
45085,22,333,31,143,6,8
45087,11,88,14,53,,
45089,9,78,12,0,2,0
45091,59,897,77,2361,12,24
45999,42,366,106,552,77,0
46000,538,8646,188,4101,60,3787
46003,3,0,,,,
46005,14,199,5,0,1,0
46007,1,0,,,,
46009,5,37,,,,
46011,19,281,5,0,3,0
46013,21,424,16,0,2,0
46015,4,39,,,,
46017,,,2,0,,
46019,6,0,2,0,,
46021,1,0,,,,
46023,7,72,,,,
46025,2,0,,,,
46027,8,0,1,0,,
46029,17,213,9,0,4,0
46031,3,0,,,,
46033,5,24,,,,
46035,15,193,6,13,,
46037,7,41,,,,
46039,3,0,1,0,,
46041,3,33,1,0,,
46043,3,0,,,,
46045,5,34,,,,
46047,6,0,1,0,,
46049,2,0,,,,
46051,5,47,,,,
46053,5,0,1,0,,
46055,2,0,1,0,,
46057,7,40,,,,
46059,2,0,,,,
46061,3,27,,,,
46063,1,0,,,,
46065,13,255,5,0,2,0
46067,8,74,,,,
46069,2,0,,,,
46071,1,0,,,,
46073,2,0,,,,
46075,3,0,,,,
46077,6,43,,,,
46079,5,0,2,0,,
46081,14,122,6,0,1,0
46083,35,939,16,0,6,0
46085,6,23,,,,
46087,5,25,,,,
46089,3,23,,,,
46091,6,0,1,0,,
46093,8,93,2,0,1,0
46097,3,0,,,,
46099,111,3149,59,2067,26,2397
46101,3,0,1,0,,
46102,1,0,1,0,,
46103,43,755,31,1135,8,31
46105,5,34,,,,
46107,3,24,,,,
46109,8,0,1,0,,
46111,4,0,,,,
46115,9,56,,,,
46117,2,0,,,,
46119,2,0,,,,
46121,1,0,2,0,,
46123,5,47,,,,
46125,8,49,,,,
46127,12,106,2,0,4,0
46129,4,0,2,0,,
46135,11,251,6,0,1,0
46137,1,0,,,,
46999,2,0,1,0,2,0
47000,2583,32614,1721,15883,473,5343
47001,31,572,9,0,1,0
47003,10,188,16,0,2,0
47005,5,215,2,0,3,0
47007,2,0,1,0,,
47009,57,589,31,1059,6,12
47011,42,344,38,356,9,60
47013,17,168,11,61,,
47015,1,0,1,0,,
47017,15,277,2,0,3,0
47019,15,222,19,0,1,0
47021,10,94,5,14,,
47023,8,74,2,0,1,0
47025,10,247,6,0,1,0
47027,2,0,,,,
47029,6,89,13,34,,
47031,20,427,27,0,1,0
47033,8,0,,,1,0
47035,13,177,17,55,3,5
47037,274,3830,191,1994,53,416
47039,4,63,,,,
47041,5,64,3,9,,
47043,23,265,20,0,2,0
47045,18,318,10,0,3,0
47047,17,170,4,15,,
47049,8,139,4,0,0,0
47051,10,152,13,0,2,0
47053,23,189,16,240,4,6
47055,14,210,9,0,1,0
47057,5,0,,,,
47059,22,387,23,0,1,0
47061,6,0,1,0,,
47063,28,208,17,0,2,0
47065,144,1705,74,510,41,373
47067,2,0,,,,
47069,15,106,8,0,2,0
47071,13,156,8,0,1,0
47073,20,145,6,16,,
47075,8,66,8,17,6,10
47077,15,482,6,21,3,6
47079,18,226,12,0,1,0
47081,5,0,1,0,1,0
47083,3,28,,,,
47085,12,0,1,0,1,0
47087,2,0,1,0,,
47089,20,154,8,0,1,0
47091,6,81,3,9,,
47093,217,2661,99,1571,31,1727
47095,3,0,1,0,,
47097,8,121,6,0,1,0
47099,14,113,16,45,4,6
47101,5,0,5,0,,
47103,11,135,6,21,4,11
47105,22,157,14,40,3,5
47107,23,285,15,59,6,10
47109,11,90,7,0,1,0
47111,7,0,8,0,,
47113,39,496,28,130,9,23
47115,12,94,6,15,,
47117,11,114,8,23,,
47119,32,416,25,91,4,3
47121,5,0,1,0,,
47123,26,235,7,0,3,0
47125,65,746,48,284,7,44
47127,2,0,1,0,,
47129,3,0,1,0,1,0
47131,17,186,11,44,3,7
47133,5,128,4,9,,
47135,1,0,,,,
47137,3,0,,,,
47139,6,0,,,1,0
47141,33,365,33,532,4,4
47143,11,134,10,0,2,0
47145,19,121,7,0,1,0
47147,21,201,14,0,2,0
47149,87,935,70,652,13,49
47151,8,0,2,0,,
47153,7,0,2,0,2,0
47155,61,553,20,106,6,17
47157,286,4975,201,1256,90,485
47159,7,0,1,0,,
47161,6,0,1,0,,
47163,71,1109,52,174,6,13
47165,73,631,46,204,8,18
47167,18,146,13,45,4,5
47169,2,0,,,,
47171,5,46,3,0,1,0
47173,3,0,2,0,,
47175,1,0,,,,
47177,20,226,16,58,,
47179,63,480,40,2167,8,11
47181,5,0,2,0,,
47183,16,148,4,0,3,0
47185,7,91,9,19,3,5
47187,117,1151,83,2286,31,1544
47189,44,767,37,163,6,26
47999,35,284,93,241,50,338
48000,7620,150132,5488,83200,1723,27132
48001,14,174,21,76,9,25
48003,5,0,2,0,,
48005,37,410,19,82,4,11
48007,7,54,6,12,,
48009,6,24,,,,
48013,9,102,10,0,1,0
48015,11,195,9,0,1,0
48017,2,0,4,0,,
48019,4,60,3,14,,
48021,20,247,3,0,3,0
48023,3,27,,,,
48025,8,104,9,0,3,0
48027,83,1467,64,1935,6,16
48029,448,21387,368,4480,116,650
48031,3,0,,,1,0
48035,9,0,2,0,,
48037,60,656,36,0,13,0
48039,90,1198,32,173,12,24
48041,60,887,37,265,4,7
48043,5,63,4,10,,
48045,2,0,,,,
48047,3,41,1,0,0,0
48049,10,112,8,25,,
48051,6,0,1,0,,
48053,16,179,11,0,3,0
48055,7,97,9,0,1,0
48057,13,141,6,19,,
48059,3,0,1,0,1,0
48061,84,1113,107,603,10,31
48063,6,75,2,0,1,0
48065,2,0,,,,
48067,18,145,10,0,1,0
48069,4,39,3,9,,
48071,9,80,2,0,1,0
48073,13,292,14,0,2,0
48075,5,44,3,0,1,0
48077,5,26,,,,
48079,3,0,,,,
48081,1,0,,,,
48083,3,49,2,0,1,0
48085,261,5719,188,9879,103,3522
48087,2,0,,,,
48089,8,87,,,,
48091,40,362,31,135,5,34
48093,3,91,,,,
48095,2,0,,,,
48097,10,382,4,0,1,0
48099,25,311,13,0,2,0
48101,1,0,,,,
48103,2,0,1,0,,
48105,1,0,2,0,,
48107,6,0,1,0,,
48109,1,0,,,,
48111,3,65,4,19,,
48113,742,21190,631,22355,252,9605
48115,4,59,4,10,,
48117,5,100,5,17,,
48119,2,0,1,0,,
48121,167,4996,92,1080,37,1211
48123,14,171,6,0,1,0
48125,1,0,2,0,,
48127,3,33,5,13,,
48129,3,0,,,,
48131,4,39,1,0,,
48133,3,0,2,0,1,0
48135,49,669,28,121,10,38
48137,1,0,,,,
48139,35,463,22,0,5,0
48141,153,2615,188,958,31,265
48143,9,171,9,0,1,0
48145,10,0,1,0,,
48147,8,164,8,0,1,0
48149,13,267,3,7,,
48151,1,0,,,,
48153,6,33,,,,
48155,1,0,,,,
48157,153,1671,84,607,39,411
48159,6,58,,,,
48161,8,0,1,0,,
48163,5,84,4,0,1,0
48165,5,0,5,0,,
48167,119,1570,50,269,12,43
48169,2,0,,,,
48171,10,176,6,0,1,0
48175,3,24,,,,
48177,10,116,11,29,,
48179,11,84,4,0,1,0
48181,45,618,26,116,4,10
48183,70,932,42,208,11,39
48185,4,0,1,0,,
48187,30,355,18,0,1,0
48189,13,107,8,67,3,6
48191,3,29,,,,
48193,4,34,,,,
48195,3,89,,,,
48197,4,36,,,,
48199,14,111,6,0,2,0
48201,1144,21306,783,9082,304,3906
48203,21,166,16,0,2,0
48205,1,0,,,,
48207,3,0,1,0,,
48209,41,404,32,164,17,188
48211,2,0,1,0,,
48213,21,233,21,90,6,13
48215,157,3208,177,935,43,186
48217,9,104,12,0,1,0
48219,10,163,8,26,,
48221,18,195,13,0,2,0
48223,12,283,12,0,2,0
48225,6,80,9,0,1,0
48227,13,140,7,0,3,0
48229,1,0,,,,
48231,22,206,11,43,4,8
48233,9,116,2,0,1,0
48235,1,0,,,,
48237,2,0,,,,
48239,10,65,4,17,,
48241,11,118,10,39,,
48243,1,0,,,,
48245,80,1411,39,200,16,53
48247,4,37,3,5,,
48249,12,181,14,50,5,17
48251,34,380,30,144,5,30
48253,4,41,3,10,,
48255,3,74,3,11,,
48257,21,477,16,44,4,3
48259,17,176,8,26,4,10
48263,1,0,,,,
48265,23,233,6,0,2,0
48267,3,32,,,,
48271,1,0,,,,
48273,16,190,12,44,3,6
48275,2,0,1,0,,
48277,17,279,19,0,2,0
48279,12,0,2,0,,
48281,5,60,4,17,,
48283,1,0,,,,
48285,8,0,2,0,,
48287,8,100,1,0,1,0
48289,9,0,,,1,0
48291,16,185,10,51,3,5
48293,11,133,7,0,2,0
48295,3,26,,,,
48297,3,0,2,0,,
48299,12,0,1,0,,
48303,94,2815,57,534,16,41
48305,6,29,,,,
48307,2,0,2,0,,
48309,82,1394,47,288,8,33
48311,1,0,,,,
48313,3,51,3,0,1,0
48315,3,0,,,1,0
48317,2,0,,,1,0
48319,3,0,1,0,,
48321,15,116,9,25,3,14
48323,11,172,21,101,4,18
48325,10,188,12,0,1,0
48327,1,0,,,,
48329,52,880,26,137,11,15
48331,9,149,4,27,,
48333,2,0,1,0,,
48335,3,0,1,0,,
48337,6,123,3,5,,
48339,144,2176,85,672,22,194
48341,7,46,5,0,1,0
48343,9,86,3,7,,
48345,,,1,0,,
48347,21,357,14,0,4,0
48349,16,238,17,0,2,0
48351,2,0,,,,
48353,5,83,6,0,2,0
48355,122,2025,88,452,14,82
48357,4,0,2,0,,
48359,1,0,,,,
48361,25,308,10,0,2,0
48363,13,117,5,0,1,0
48365,7,117,6,0,1,0
48367,25,374,15,0,1,0
48369,5,0,2,0,,
48371,6,0,12,0,,
48373,7,219,8,0,1,0
48375,53,1736,25,227,9,22
48377,2,0,2,0,,
48379,4,47,,,,
48381,32,448,10,91,5,8
48383,2,0,,,,
48385,2,0,,,,
48387,7,48,3,0,1,0
48389,3,0,2,0,,
48391,3,0,1,0,,
48393,1,0,,,,
48395,8,69,,,,
48397,24,241,8,44,5,24
48399,5,59,,,,
48401,15,478,8,0,1,0
48403,6,61,,,,
48405,3,23,,,,
48407,4,50,,,,
48409,22,156,14,0,1,0
48411,2,0,1,0,,
48413,2,0,,,,
48415,6,90,4,21,,
48417,1,0,,,,
48419,12,186,8,0,2,0
48421,1,0,,,,
48423,97,1196,52,299,17,72
48425,1,0,1,0,,
48427,11,135,19,0,1,0
48429,3,53,3,8,,
48431,1,0,,,,
48433,1,0,,,,
48435,2,0,1,0,,
48437,4,25,,,,
48439,500,9739,344,11880,108,2141
48441,44,989,27,119,4,16
48443,1,0,,,,
48445,4,38,5,18,,
48447,1,0,,,,
48449,11,246,15,44,3,5
48451,41,590,32,704,7,24
48453,336,5489,296,5725,116,2037
48455,2,0,1,0,,
48457,6,0,2,0,,
48459,13,171,6,0,1,0
48461,2,0,,,,
48463,11,146,9,0,2,0
48465,15,248,17,109,5,32
48467,19,168,2,0,1,0
48469,38,553,33,184,9,44
48471,9,192,13,0,2,0
48473,8,65,4,0,1,0
48475,4,0,2,0,,
48477,13,162,8,0,1,0
48479,75,1697,62,400,14,65
48481,20,262,12,0,1,0
48483,4,0,1,0,,
48485,48,800,29,0,5,0
48487,5,97,5,11,,
48489,3,27,5,0,1,0
48491,145,1340,68,1474,27,328
48493,10,90,7,19,,
48495,2,0,1,0,,
48497,16,210,5,0,2,0
48499,23,217,4,10,4,16
48501,6,0,,,1,0
48503,7,164,5,9,,
48505,5,76,4,16,,
48507,1,0,1,0,1,0
48999,59,1898,216,2080,119,1074
49000,1031,17211,712,14987,466,5273
49001,3,0,,,,
49003,20,173,7,0,2,0
49005,44,505,20,162,18,80
49007,10,80,5,0,1,0
49011,98,1141,67,391,33,137
49013,8,58,3,11,,
49015,6,29,,,,
49017,4,0,,,,
49019,5,42,1,0,1,0
49021,10,0,10,129,3,0
49023,4,0,1,0,,
49025,5,63,2,0,1,0
49027,6,38,,,,
49029,4,0,,,1,0
49031,1,0,,,,
49033,1,0,,,,
49035,449,8885,392,13018,266,3656
49037,5,34,1,0,3,8
49039,7,66,4,0,1,0
49041,8,81,3,10,3,7
49043,19,144,15,42,8,61
49045,10,140,10,0,2,0
49047,9,82,4,25,,
49049,163,2008,82,587,85,817
49051,10,79,0,0,5,0
49053,47,557,39,330,12,102
49055,,,1,0,,
49057,75,2779,47,203,23,364
50000,297,3589,39,0,32,0
50001,14,0,2,0,,
50003,20,0,1,0,,
50005,19,0,1,0,,
50007,70,1259,17,72,14,242
50009,3,0,,,,
50011,21,171,2,0,3,0
50013,2,0,,,2,0
50015,13,166,2,0,3,0
50017,12,137,,,,
50019,13,0,1,0,,
50021,23,266,1,0,1,0
50023,32,421,5,0,2,0
50025,22,203,1,0,4,0
50027,36,316,3,0,1,0
50999,1,0,2,0,3,0
51000,2994,31974,1313,34704,539,6255
51001,13,0,3,0,1,0
51003,31,333,18,68,5,15
51005,3,0,1,0,,
51007,3,0,,,1,0
51009,14,0,,,2,0
51011,4,28,,,,
51013,83,713,28,446,17,265
51015,25,171,4,0,1,0
51017,3,15,,,,
51019,23,187,12,46,,
51021,1,0,,,,
51023,14,0,,,1,0
51025,5,0,,,,
51027,9,0,1,0,,
51029,5,22,,,,
51031,21,172,5,0,1,0
51033,2,0,,,1,0
51035,4,44,1,0,1,0
51036,1,0,,,,
51037,4,18,,,,
51041,115,973,47,1525,15,64
51043,3,0,,,,
51045,2,0,,,,
51047,12,97,8,0,2,0
51049,3,0,,,,
51051,7,40,,,,
51053,5,0,,,,
51057,7,67,5,15,,
51059,361,5261,197,11886,125,3546
51061,26,225,8,0,7,0
51063,4,55,,,,
51065,5,25,,,,
51067,20,140,6,0,2,0
51069,25,1631,8,0,2,0
51071,8,0,1,0,,
51073,16,103,6,0,2,0
51075,6,49,7,0,1,0
51077,7,0,,,,
51079,6,0,1,0,,
51081,1,0,1,0,,
51083,11,94,7,19,3,10
51085,38,248,16,0,1,0
51087,142,1987,78,4651,37,345
51089,18,204,6,0,1,0
51091,2,0,,,,
51093,12,126,4,0,3,0
51095,31,208,6,0,1,0
51097,1,0,,,,
51099,8,0,,,1,0
51101,8,0,1,0,,
51103,10,0,2,0,,
51105,6,0,1,0,,
51107,100,681,56,521,20,630
51109,11,0,1,0,,
51111,1,0,,,,
51113,2,0,,,,
51115,2,0,,,,
51117,18,175,8,0,2,0
51119,7,0,2,0,,
51121,40,356,11,0,2,0
51125,6,26,,,,
51127,3,0,1,0,,
51131,5,28,1,0,2,0
51133,9,38,,,,
51135,9,80,3,11,,
51137,11,91,4,0,1,0
51139,8,93,,,,
51141,8,49,,,,
51143,14,65,3,23,,
51145,6,0,1,0,,
51147,9,68,5,0,1,0
51149,5,0,1,0,,
51153,86,692,53,552,23,125
51155,13,84,6,0,2,0
51157,2,0,,,,
51159,4,36,3,0,2,0
51161,44,337,12,0,4,0
51163,9,78,3,13,,
51165,20,138,5,0,2,0
51167,10,0,2,0,,
51169,9,0,2,0,,
51171,18,0,2,0,,
51173,13,78,3,12,3,10
51175,4,15,1,0,,
51177,28,257,20,72,6,19
51179,27,191,8,27,7,14
51181,1,0,,,,
51183,6,24,1,0,,
51185,32,224,7,0,4,0
51187,15,112,9,39,4,7
51191,33,243,5,20,,
51193,7,60,,,,
51195,18,144,4,16,,
51197,15,101,6,0,1,0
51199,18,147,4,0,3,0
51510,64,1118,26,148,12,47
51520,13,93,2,0,2,0
51530,4,19,,,1,0
51540,36,250,6,0,1,0
51550,71,701,38,1434,15,57
51570,15,128,10,36,4,10
51580,6,0,2,0,,
51590,33,410,10,36,5,16
51595,5,33,6,0,1,0
51600,26,241,11,121,3,5
51610,11,66,2,0,2,0
51620,4,76,3,10,,
51630,29,265,10,61,5,36
51640,8,65,6,19,3,5
51650,32,321,18,0,4,0
51660,41,369,17,91,4,8
51670,9,0,1,0,,
51678,8,45,1,0,2,0
51680,50,477,14,114,7,67
51683,24,214,4,25,4,11
51685,1,0,1,0,1,0
51690,11,102,4,0,1,0
51700,46,799,29,126,8,29
51710,74,964,39,378,13,67
51720,5,30,1,0,1,0
51730,13,125,12,38,4,15
51735,3,27,,,,
51740,27,235,14,61,4,14
51750,9,56,2,0,1,0
51760,65,1034,45,1525,15,53
51770,58,794,21,0,6,0
51775,19,165,8,0,1,0
51790,17,154,7,0,3,0
51800,29,192,12,37,3,7
51810,138,1416,82,2134,21,162
51820,13,84,4,0,2,0
51830,13,0,1,0,,
51840,26,296,9,0,2,0
51999,45,546,100,591,59,104
53000,2407,30978,774,7936,424,2887
53001,6,0,1,0,,
53003,8,88,1,0,1,0
53005,59,1181,11,76,7,29
53007,29,391,8,23,5,14
53009,28,234,5,29,4,7
53011,149,1834,51,686,28,135
53013,2,0,1,0,,
53015,22,535,9,46,3,7
53017,13,110,3,10,,
53019,1,0,,,,
53021,18,172,2,0,4,0
53023,2,0,,,,
53025,28,201,5,0,1,0
53027,40,346,7,0,1,0
53029,25,0,1,0,,
53031,15,0,1,0,,
53033,708,9777,312,4503,202,1455
53035,79,871,20,146,10,96
53037,15,0,4,0,1,0
53039,7,40,,,,
53041,29,207,7,0,2,0
53043,12,0,,,,
53045,17,0,,,2,0
53047,16,0,1,0,,
53049,16,102,,,,
53051,2,0,1,0,,
53053,255,2891,77,536,37,174
53055,8,0,,,1,0
53057,57,531,11,156,7,50
53059,3,0,,,1,0
53061,218,2455,78,476,37,301
53063,192,3798,59,506,30,398
53065,7,43,3,5,,
53067,95,992,39,197,22,71
53069,2,0,,,,
53071,22,473,7,0,1,0
53073,98,1275,17,106,5,17
53075,20,0,2,0,,
53077,72,862,20,81,10,61
53999,11,606,12,61,3,27
54000,807,8466,199,792,48,134
54001,4,0,,,,
54003,36,286,16,109,7,11
54005,6,0,1,0,,
54007,7,0,,,,
54009,10,0,2,0,,
54011,53,601,14,0,1,0
54013,2,0,,,,
54015,2,0,,,,
54017,3,0,,,,
54019,20,136,4,0,1,0
54021,2,0,,,,
54023,4,0,1,0,,
54025,18,127,6,19,,
54027,9,0,3,0,,
54029,13,167,5,42,,
54031,9,95,,,,
54033,44,307,11,88,,
54035,13,138,3,12,,
54037,16,205,1,0,4,0
54039,87,1295,14,0,2,0
54041,5,0,1,0,,
54043,6,32,,,,
54045,16,103,5,14,,
54047,5,0,,,,
54049,25,277,4,10,,
54051,15,0,1,0,,
54053,10,64,,,,
54055,17,224,11,0,2,0
54057,12,71,7,32,,
54059,14,0,2,0,,
54061,48,431,11,29,,
54063,3,39,,,,
54065,5,68,,,,
54067,10,64,4,6,,
54069,32,679,3,0,1,0
54071,3,60,,,,
54073,6,53,,,,
54075,5,29,,,,
54077,12,134,,,,
54079,27,216,5,0,2,0
54081,31,270,7,0,1,0
54083,11,0,4,0,,
54085,8,41,,,,
54087,5,71,,,,
54089,4,0,2,0,,
54091,3,24,,,,
54093,4,33,,,,
54095,6,50,,,,
54097,8,0,1,0,,
54099,11,57,5,17,,
54101,4,18,,,,
54103,11,71,3,3,,
54105,2,0,,,,
54107,44,505,4,15,,
54109,6,0,1,0,,
54999,18,47,38,75,28,101
55000,2533,39068,558,5611,320,2670
55001,4,36,,,,
55003,9,80,2,0,1,0
55005,25,316,5,0,1,0
55007,11,63,,,,
55009,125,2091,27,192,21,84
55011,9,0,1,0,,
55013,5,0,,,,
55015,24,0,1,0,,
55017,26,277,3,0,2,0
55019,16,0,2,0,,
55021,27,282,7,0,4,0
55023,11,0,2,0,,
55025,202,3310,53,1402,30,503
55027,41,346,6,25,4,11
55029,19,0,2,0,,
55031,14,216,7,24,,
55033,16,325,3,0,1,0
55035,47,680,13,150,5,9
55037,4,0,,,,
55039,40,544,8,0,2,0
55041,7,54,1,0,,
55043,36,322,4,0,3,0
55045,19,234,4,0,1,0
55047,14,226,,,,
55049,15,0,1,0,,
55051,4,26,,,,
55053,12,0,,,1,0
55055,34,462,8,0,1,0
55057,11,0,,,1,0
55059,52,481,14,0,3,0
55061,12,122,,,,
55063,53,1107,11,40,8,75
55065,9,93,,,,
55067,8,217,3,0,3,0
55069,12,160,2,0,1,0
55071,34,418,7,118,3,5
55073,81,1166,19,404,4,5
55075,24,312,4,0,2,0
55077,8,44,,,,
55079,312,6880,69,378,47,485
55081,14,279,6,33,3,5
55083,17,118,1,0,1,0
55085,20,196,3,7,3,10
55087,93,1186,20,117,11,95
55089,45,519,6,0,4,0
55091,2,0,,,,
55093,17,0,,,1,0
55095,19,176,2,0,1,0
55097,30,254,6,0,3,0
55099,10,113,,,,
55101,71,1058,18,300,8,12
55103,10,0,2,0,,
55105,52,954,14,70,8,20
55107,10,0,,,1,0
55109,34,450,10,110,6,19
55111,34,361,6,0,3,0
55113,12,134,2,0,1,0
55115,20,194,4,0,1,0
55117,47,1031,9,24,4,19
55119,10,0,,,1,0
55121,19,0,1,0,,
55123,14,238,1,0,1,0
55125,12,82,,,,
55127,44,426,10,23,4,11
55129,9,108,1,0,2,0
55131,54,593,13,108,8,29
55133,208,4509,64,918,26,542
55135,31,287,4,0,2,0
55137,12,0,1,0,,
55139,71,1477,10,42,8,28
55141,42,668,10,95,5,14
55999,20,374,48,413,57,124
56000,239,3591,114,0,27,0
56001,10,185,7,0,2,0
56003,8,0,2,0,,
56005,14,247,7,0,2,0
56007,5,84,,,,
56009,5,0,3,0,,
56011,3,40,,,,
56013,14,178,9,36,,
56015,7,0,1,0,,
56017,4,28,,,,
56019,4,0,2,0,,
56021,37,661,21,103,5,5
56023,7,75,3,3,,
56025,24,494,22,121,3,11
56027,2,0,,,,
56029,20,219,5,13,,
56031,8,0,2,0,,
56033,14,235,9,0,1,0
56035,4,32,1,0,,
56037,16,210,8,12,6,17
56039,11,230,6,20,8,11
56041,10,111,6,0,1,0
56043,7,0,1,0,,
56045,3,46,,,,
56999,2,0,,,,
72000,573,9450,185,3401,72,381
72001,2,0,,,,
72003,3,96,,,,
72005,13,174,5,0,1,0
72007,2,0,,,,
72009,5,121,,,,
72011,5,55,,,,
72013,16,316,4,0,2,0
72015,2,0,,,,
72017,6,0,,,1,0
72019,3,0,1,0,,
72021,32,371,13,0,4,0
72023,4,0,2,0,,
72025,25,298,12,0,3,0
72027,3,0,,,,
72029,4,37,2,0,1,0
72031,26,336,11,0,4,0
72033,3,0,2,0,,
72035,6,59,2,0,1,0
72037,3,19,,,,
72039,2,0,,,,
72041,3,0,1,0,1,0
72043,4,0,1,0,,
72045,2,0,,,,
72047,2,0,,,,
72049,1,0,,,,
72051,6,0,,,1,0
72053,7,99,1,0,3,0
72054,2,0,,,,
72055,1,0,,,,
72057,7,73,1,0,1,0
72059,2,0,,,,
72061,30,503,12,490,7,43
72063,2,0,,,,
72065,4,0,,,1,0
72067,2,0,,,,
72069,13,178,3,0,1,0
72071,5,88,3,0,1,0
72073,4,0,,,,
72075,5,59,,,1,0
72077,4,55,,,1,0
72079,2,0,,,,
72081,2,0,,,,
72083,2,0,,,,
72085,3,0,1,0,,
72087,2,0,,,,
72089,2,0,,,,
72091,10,0,2,0,,
72093,2,0,,,,
72095,2,0,,,,
72097,20,302,7,0,1,0
72099,2,0,1,0,,
72101,2,0,,,,
72103,2,0,,,,
72105,3,33,,,1,0
72107,1,0,,,,
72109,2,0,,,,
72111,3,22,,,,
72113,26,282,14,0,3,0
72115,3,0,1,0,,
72117,2,0,,,,
72119,4,46,1,0,2,0
72121,2,0,,,,
72123,3,31,,,,
72125,4,32,,,,
72127,135,3234,70,2235,25,166
72129,4,0,1,0,,
72131,4,0,2,0,,
72133,2,0,,,1,0
72135,3,28,,,,
72137,10,115,2,0,2,0
72139,6,0,,,,
72141,1,0,1,0,,
72143,5,86,2,0,,
72145,7,92,2,0,1,0
72147,2,0,,,,
72149,3,0,,,,
72151,4,0,,,1,0
72153,7,91,5,15,,
72999,2,0,,,1,0
78000,40,471,9,20,12,114
78010,13,0,3,0,6,0
78020,2,0,,,1,0
78030,25,314,6,0,5,0
C1018,51,0,31,0,5,0
C1038,37,714,12,0,2,0
C1042,251,2399,63,317,38,212
C1050,47,558,45,0,1,0
C1054,38,319,9,51,7,15
C1058,393,0,48,835,30,0
C1074,242,0,197,0,59,0
C1078,80,715,59,265,5,18
C1090,304,0,37,0,35,0
C1102,62,579,14,0,1,0
C1110,88,2201,35,318,14,30
C1118,48,474,9,37,4,18
C1126,113,3119,49,343,19,71
C1146,110,1184,16,969,8,92
C1150,55,512,62,163,3,7
C1154,117,0,21,0,11,95
C1164,26,575,5,0,3,0
C1170,174,1830,63,0,18,0
C1202,58,486,35,128,6,0
C1206,1418,26006,1119,11963,518,0
C1210,86,740,8,36,11,61
C1222,54,597,51,0,3,0
C1226,131,1654,101,473,19,0
C1242,549,7578,409,7419,164,2560
C1254,132,1705,59,363,47,179
C1258,885,11622,387,5318,174,3211
C1262,80,973,11,70,4,4
C1270,113,1299,9,24,12,65
C1294,314,3730,271,1532,58,242
C1298,36,532,4,0,5,0
C1302,37,523,4,27,4,75
C1314,121,0,55,259,20,59
C1322,50,407,11,0,2,0
C1338,98,1275,17,106,5,17
C1346,73,670,38,205,27,90
C1374,65,1368,39,0,22,0
C1378,91,753,6,22,3,20
C1382,477,14939,383,2053,49,295
C1390,69,0,19,129,4,11
C1398,74,0,20,61,5,0
C1401,61,886,12,0,1,0
C1402,47,0,17,0,4,11
C1410,41,0,7,0,,
C1426,266,3939,133,0,72,355
C1446,1816,38437,381,5494,263,2195
C1450,129,1445,46,408,52,227
C1454,83,1008,28,0,17,41
C1474,79,871,20,146,10,96
C1486,419,5758,130,2777,108,325
C1518,84,1113,107,603,10,31
C1526,43,338,21,64,9,19
C1538,443,11118,57,1658,41,461
C1550,48,445,23,221,5,10
C1554,93,0,19,0,19,271
C1568,28,280,13,0,1,0
C1594,153,1661,34,1261,21,60
C1598,238,2014,63,249,60,164
C1602,42,0,14,37,4,4
C1606,44,0,12,0,2,0
C1618,19,0,33,370,2,0
C1622,24,494,22,121,3,11
C1630,141,0,25,1106,18,0
C1654,64,763,9,0,2,0
C1658,76,0,10,185,4,0
C1662,95,1411,15,0,2,0
C1670,179,2210,202,1623,62,167
C1674,778,30789,478,10997,173,2248
C1682,89,0,25,111,6,0
C1686,183,2323,102,584,44,388
C1694,37,661,21,103,5,5
C1698,2623,62012,861,21472,733,10617
C1702,55,529,23,195,12,40
C1714,898,16966,243,3133,175,4996
C1730,95,1165,68,0,18,0
C1742,48,0,38,356,10,0
C1746,837,11785,220,0,156,0
C1766,61,1458,30,183,13,71
C1778,74,0,38,0,4,7
C1782,183,2773,85,0,65,0
C1786,71,810,25,0,12,0
C1790,211,4372,237,0,57,0
C1798,88,1055,92,0,18,0
C1802,35,430,9,62,4,10
C1814,668,0,234,0,222,8984
C1858,152,2234,108,0,15,0
C1870,26,390,4,9,4,9
C1888,107,1321,49,275,16,115
C1906,50,445,13,52,5,18
C1910,1866,0,1374,45757,527,16606
C1914,26,413,34,108,,
C1918,26,238,4,0,1,0
C1930,107,787,78,212,12,63
C1934,151,2684,39,0,23,0
C1938,280,2435,85,4084,36,138
C1946,53,758,61,342,4,12
C1950,37,815,6,48,4,42
C1966,189,1527,69,725,22,76
C1974,823,13066,545,9141,532,8823
C1978,291,0,123,5375,100,0
C1982,1266,19314,214,9011,183,12594
C2002,70,806,60,0,2,0
C2010,47,0,27,384,8,0
C2022,65,1558,14,55,9,30
C2026,113,1700,17,58,3,5
C2050,166,1611,49,0,19,0
C2070,61,605,5,16,4,21
C2074,73,956,16,0,7,0
C2094,27,390,12,93,12,87
C2106,68,820,25,0,19,0
C2114,64,938,11,0,7,0
C2130,42,478,2,0,1,0
C2134,154,0,188,958,31,265
C2150,111,1226,19,0,2,0
C2166,118,1595,36,246,26,63
C2178,113,1638,38,0,22,0
C2182,35,441,5,22,,
C2202,117,0,45,0,20,0
C2214,27,410,37,185,6,25
C2218,84,765,57,403,13,76
C2222,208,2744,44,286,22,356
C2238,23,236,13,137,6,15
C2242,108,1813,25,168,16,95
C2250,61,690,78,428,22,64
C2252,67,1025,66,0,1,0
C2254,40,544,8,0,2,0
C2266,106,1418,34,506,37,154
C2290,126,1619,76,0,14,0
C2306,171,2030,52,654,23,125
C2342,191,2640,85,602,73,264
C2346,31,455,39,0,2,0
C2354,90,0,30,0,12,38
C2358,53,666,45,869,15,21
C2390,29,334,2,0,1,0
C2402,57,0,2,0,1,0
C2414,34,312,19,0,2,0
C2422,52,709,14,87,3,7
C2426,53,603,9,73,9,19
C2430,46,864,20,151,13,88
C2434,318,5864,53,779,29,0
C2442,31,299,8,34,8,21
C2450,31,454,12,95,4,21
C2454,77,845,17,192,14,20
C2458,154,2330,28,0,22,0
C2466,260,3979,89,0,29,0
C2478,62,1189,34,328,6,17
C2486,268,5294,256,0,56,0
C2502,11,103,1,0,1,0
C2506,156,1878,102,0,35,0
C2518,96,0,34,0,21,2194
C2522,43,342,61,267,6,20
C2526,20,234,8,41,8,28
C2542,266,0,32,181,19,0
C2550,61,507,21,0,6,0
C2554,491,6602,132,1044,84,516
C2562,71,0,43,140,20,45
C2586,109,916,57,0,5,0
C2594,62,728,47,0,10,0
C2598,10,0,16,0,1,0
C2614,47,328,9,0,2,0
C2630,59,430,14,57,4,31
C2638,90,844,88,302,11,19
C2642,1694,28446,1058,10939,395,4585
C2658,167,0,40,166,19,0
C2662,159,2071,139,704,15,42
C2682,64,0,21,0,12,62
C2690,632,0,268,5897,151,0
C2698,67,0,11,0,5,8
C2706,52,674,4,16,,
C2710,53,783,3,17,6,73
C2714,217,3544,149,995,71,256
C2718,54,0,30,0,11,26
C2726,443,0,234,7847,113,0
C2734,44,454,16,46,4,18
C2750,52,954,14,70,8,20
C2762,69,1217,30,0,6,0
C2774,83,749,62,0,10,0
C2778,86,913,10,75,,
C2786,49,575,19,0,1,0
C2790,89,987,52,0,5,0
C2798,54,506,30,0,14,0
C2802,96,3456,17,0,11,0
C2810,30,450,8,59,7,19
C2814,825,15348,383,4450,181,0
C2842,77,1354,13,0,11,0
C2866,113,1838,81,0,8,0
C2870,146,0,67,219,8,0
C2874,79,755,7,0,2,0
C2894,374,4378,173,2800,44,0
C2902,31,393,8,34,4,29
C2910,61,1195,11,40,8,75
C2918,205,2448,161,576,27,106
C2920,74,825,18,0,4,0
C2934,105,895,62,305,11,62
C2942,38,548,10,172,15,55
C2946,146,2017,60,290,15,93
C2954,228,2132,38,347,16,186
C2962,156,2791,20,0,18,0
C2970,75,1697,62,400,14,65
C2974,52,692,48,412,4,11
C2982,421,6021,551,7447,257,1830
C2994,54,535,11,0,4,0
C3002,54,0,40,0,2,0
C3014,55,508,7,25,,
C3030,23,473,7,0,6,0
C3034,41,728,13,100,6,133
C3046,220,2557,84,461,49,184
C3062,42,442,14,84,4,12
C3070,156,2137,25,2429,35,667
C3078,331,0,86,659,44,588
C3086,49,537,22,0,20,0
C3098,98,1581,56,253,13,42
C3102,22,535,9,46,3,7
C3108,2968,57279,1805,30035,1699,16231
C3114,497,6162,223,2122,151,0
C3118,106,0,58,0,16,41
C3134,112,0,31,0,10,75
C3142,72,932,48,337,7,0
C3146,23,185,8,27,13,61
C3154,263,0,65,1469,35,0
C3170,139,1529,49,444,29,0
C3174,42,807,12,0,4,0
C3186,40,0,7,0,2,0
C3190,63,527,11,44,5,16
C3242,22,0,7,0,1,0
C3258,157,3208,177,935,43,186
C3278,82,948,32,213,15,36
C3282,413,0,291,0,124,0
C3290,38,543,20,268,15,32
C3310,1728,26148,1111,12277,699,6084
C3314,34,543,10,0,3,0
C3322,25,0,,,2,0
C3326,54,0,26,137,12,0
C3334,619,12500,151,0,86,0
C3346,930,36207,285,6339,237,3098
C3354,50,820,23,86,14,14
C3366,167,1560,155,986,10,40
C3370,106,1330,59,371,43,155
C3374,84,963,67,1009,15,326
C3378,40,455,3,0,1,0
C3386,160,0,135,558,12,185
C3406,60,565,11,29,,
C3410,48,362,25,119,3,5
C3458,57,531,11,156,7,50
C3462,44,730,13,0,6,0
C3474,52,604,6,16,4,8
C3482,158,1452,92,609,18,48
C3490,52,419,14,43,6,15
C3494,159,1565,40,281,26,94
C3498,702,8672,501,5561,118,2063
C3510,37,323,18,0,1,0
C3530,301,3235,61,389,60,738
C3538,452,5864,298,1768,103,261
C3562,6339,117575,1411,34385,1748,23530
C3566,60,1261,4,0,4,0
C3584,312,2385,104,584,58,159
C3598,115,1059,16,61,12,23
C3610,94,852,31,307,9,24
C3614,47,467,7,16,,
C3622,49,669,28,121,10,38
C3626,196,0,121,0,58,504
C3642,495,8553,379,2576,89,398
C3650,95,992,39,197,22,71
C3654,365,6559,87,2950,139,3406
C3674,656,10890,312,5821,191,2854
C3678,71,1477,10,42,8,28
C3698,71,0,25,0,11,26
C3710,222,3602,110,3332,92,638
C3734,156,1461,56,244,23,119
C3746,77,0,24,232,6,0
C3762,46,0,4,15,,
C3786,157,7244,59,410,21,96
C3790,130,1807,27,0,4,15
C3798,2048,33154,556,0,483,5528
C3806,935,33450,630,18486,494,24346
C3822,28,613,8,0,3,0
C3830,995,24577,182,0,92,0
C3834,68,0,2,0,,
C3854,43,447,17,134,7,25
C3866,47,574,19,0,4,0
C3886,275,3012,69,0,62,0
C3890,753,0,302,3625,251,0
C3894,125,1467,38,138,25,65
C3914,50,410,16,57,12,28
C3930,515,0,162,0,104,0
C3934,167,0,83,0,85,817
C3938,57,625,14,97,10,19
C3946,60,529,6,10,10,27
C3954,71,1058,18,300,8,12
C3958,454,8403,177,1056,90,579
C3966,56,872,33,0,9,0
C3974,154,1724,19,101,9,21
C3982,50,582,16,86,17,81
C3990,115,1683,133,835,58,251
C4006,442,4948,221,14540,78,498
C4014,695,8611,373,3775,242,1962
C4022,157,1525,47,198,14,0
C4034,87,0,9,0,4,10
C4038,378,4309,43,555,23,124
C4042,92,0,16,0,7,166
C4058,50,566,15,115,6,23
C4066,29,375,18,0,1,0
C4090,544,6461,221,2726,226,2355
C4098,82,1350,7,148,5,7
C4106,80,0,18,0,7,43
C4110,47,557,39,330,12,102
C4114,53,0,30,0,5,6
C4118,1021,19080,406,6281,163,0
C4142,115,1716,44,324,35,216
C4150,95,1030,21,124,21,95
C4154,170,1853,54,0,23,0
C4162,460,9025,402,0,268,0
C4166,42,0,32,704,7,24
C4170,567,22719,455,4863,128,710
C4174,808,10043,429,6402,375,3255
C4186,1301,20306,459,11743,460,9109
C4190,12,0,2,0,,
C4194,478,6595,134,1130,168,4437
C4198,394,6740,139,3181,59,330
C4202,101,1028,34,254,20,51
C4210,55,726,20,112,18,57
C4214,61,720,25,139,9,27
C4220,121,1213,38,260,25,137
C4222,151,1595,54,686,51,357
C4234,119,1117,143,0,20,227
C4254,268,3399,34,1297,18,69
C4266,1181,15123,466,5515,277,1930
C4268,60,552,17,79,5,9
C4270,30,273,5,0,2,0
C4310,47,1031,9,24,4,19
C4330,45,618,26,116,4,10
C4334,177,1685,147,0,23,0
C4342,17,222,5,12,5,24
C4358,101,1216,13,0,12,0
C4362,159,4161,75,0,32,0
C4378,94,1426,26,157,14,0
C4390,83,822,106,1653,15,36
C4406,201,0,63,0,30,398
C4410,61,0,16,78,9,151
C4414,225,2695,32,0,14,0
C4418,223,2895,91,0,19,0
C4422,46,417,15,135,6,17
C4430,76,652,9,33,5,15
C4442,55,409,15,59,6,27
C4470,128,1570,45,257,46,206
C4494,22,333,31,143,6,8
C4506,254,0,24,396,13,0
C4522,136,0,35,0,22,0
C4530,906,14929,436,8039,297,10746
C4546,67,0,13,0,1,0
C4550,82,822,47,0,13,0
C4554,46,349,5,0,3,0
C4578,229,0,52,0,30,0
C4582,113,1689,19,0,10,0
C4594,160,2551,31,192,21,0
C4606,166,3381,73,1094,45,798
C4614,354,6861,252,1754,76,490
C4622,99,0,65,0,4,7
C4634,97,1196,52,299,17,72
C4652,276,4481,124,731,71,260
C4654,114,1957,5,0,1,0
C4666,45,0,34,0,1,0
C4670,97,1586,34,176,23,167
C4702,41,577,33,184,9,44
C4722,36,457,5,30,5,33
C4726,521,5418,252,4329,77,0
C4730,73,841,38,316,18,42
C4738,91,0,48,0,8,33
C4746,24,0,8,0,1,0
C4758,43,0,35,0,2,0
C4790,1913,22596,753,21980,472,6663
C4794,96,0,23,0,13,59
C4806,54,430,3,0,1,0
C4814,81,1166,19,404,4,5
C4826,52,0,11,0,2,0
C4830,42,501,11,33,5,14
C4854,80,0,9,38,3,0
C4862,243,3625,78,1298,25,160
C4866,59,850,29,0,5,0
C4870,66,692,9,0,2,0
C4890,102,1423,46,0,22,0
C4902,60,0,20,183,4,0
C4918,225,0,71,0,15,335
C4934,348,4149,63,0,39,0
C4942,72,862,20,81,10,61
C4962,180,1605,20,69,5,46
C4966,207,2413,50,0,35,0
C4970,31,406,12,0,16,46
C4974,28,538,10,51,7,26
US000,107481,1710774,47531,620661,24532,308428
